<step title="BackgroundTrace" date="2026-01-15T17:10:50.588" instance="7d4ee3" url="/api/publish" method="POST" >
  <step title="Cleanup Xml Logs" date="2026-01-15T17:10:50.600" /><!-- duration: 4ms -->
  <step title="Creating temporary deployment - FetchDeploymentManager" date="2026-01-15T17:10:50.653" /><!-- duration: 1ms -->
  <step title="Creating temporary deployment" date="2026-01-15T17:10:50.657" /><!-- duration: 84ms -->
  <step title="Performing fetch based deployment" date="2026-01-15T17:10:50.797" >
    <step title="Cleaning up temp folders from previous zip deployments and extracting pushed zip file /tmp/zipdeploy/a90c7318-f5c7-44cb-918d-0eab6325dea8.zip (7.41 MB) to /tmp/zipdeploy/extracted" date="2026-01-15T17:10:51.984" /><!-- duration: 8090ms -->
    <step title="Deployment timer started" date="2026-01-15T17:11:02.105" >
      <step title="DeploymentManager.Deploy(id:9c053251-76e3-4e3c-9100-14183d67f678)" date="2026-01-15T17:11:02.139" >
        <step title="Collecting changeset information" date="2026-01-15T17:11:02.233" /><!-- duration: 179ms -->
        <step title="Updating submodules" date="2026-01-15T17:11:02.416" /><!-- duration: 1136ms -->
        <step title="Determining deployment builder" date="2026-01-15T17:11:03.764" >
          <step title="Builder is OneDeployBuilder" date="2026-01-15T17:11:03.774" /><!-- duration: 9ms -->
        </step><!-- duration: 35ms -->
        <step title="PreDeployment: context.CleanOutputPath False" date="2026-01-15T17:11:03.857" >
          <step title="PreDeployment: context.OutputPath /home/site/wwwroot" date="2026-01-15T17:11:03.969" >
            <step title="Building" date="2026-01-15T17:11:04.111" >
              <step title="Executing external process" date="2026-01-15T17:11:05.132" type="process" path="starter.sh" arguments="/opt/Kudu/Scripts/parallel_rsync.sh /tmp/zipdeploy/extracted /home/site/wwwroot 8 /tmp/ False False  " /><!-- duration: 1134ms -->
              <step title="Modified file to trigger a restart of the app container." date="2026-01-15T17:11:06.753" /><!-- duration: 1ms -->
              <step title="Skip function trigger and logicapp sync because function is not enabled." date="2026-01-15T17:11:06.784" /><!-- duration: 18ms -->
            </step><!-- duration: 3497ms -->
          </step><!-- duration: 3644ms -->
          <step title="Cleaning up temp files" date="2026-01-15T17:11:07.614" /><!-- duration: 3ms -->
          <step title="Cleaning up temp files" date="2026-01-15T17:11:07.630" /><!-- duration: 510ms -->
          <step title="Reloading status file with latest updates" date="2026-01-15T17:11:08.165" >
            <step title="WebHooksManager.PublishEventAsync: PostDeployment" date="2026-01-15T17:11:08.171" /><!-- duration: 46ms -->
          </step><!-- duration: 68ms -->
          <step title="Cleaning up temporary deployment - fetch deployment was successful" date="2026-01-15T17:11:08.239" /><!-- duration: 2ms -->
        </step><!-- duration: 4431ms -->
      </step><!-- duration: 6164ms -->
