<step title="Incoming Request" date="2026-01-15T17:18:56.022" instance="7d4ee3" url="/api/publish?type=zip&amp;async=True" method="POST" type="request" pid="833,1,21" Accept="*/*" Host="app-landing-page-pro.scm.azurewebsites.net" User-Agent="AZURECLI/2.80.0 (MSI)" Accept-Encoding="gzip, deflate" Authorization="Bea..." Cache-Control="no-cache" Content-Type="application/octet-stream" Cookie="ARRAffinity=7d4ee311498b261eb996c3c5566ae5bbd227759952a6214551a3ab4312f134f3; ARRAffinitySameSite=7d4ee311498b261eb996c3c5566ae5bbd227759952a6214551a3ab4312f134f3" Content-Length="7772160" x-ms-client-request-id="3fd34a18-f236-11f0-b6c5-c4cb76967773" x-ms-artifact-checksum="cb541783b1e1102e52bd5abb72b10af4ac35a172b09b70c4d16b480d1ab5a3ab" X-ARR-LOG-ID="3fd34a18-f236-11f0-b6c5-c4cb76967773" CLIENT-IP="112.148.9.211:9048" X-SITE-DEPLOYMENT-ID="app-landing-page-pro" WAS-DEFAULT-HOSTNAME="app-landing-page-pro.scm.azurewebsites.net" X-Forwarded-Proto="https" X-AppService-Proto="https" X-Forwarded-TlsVersion="1.3" X-WAWS-Unencoded-URL="/api/publish?type=zip&amp;async=True" X-Client-IP="112.148.9.211" X-Client-Port="9048" >
  <step title="OneDeploy" date="2026-01-15T17:18:56.036" >
    <step title="Starting PushDeployAsync" date="2026-01-15T17:18:56.045" /><!-- duration: 20ms -->
    <step title="Removing node_modules symlink" date="2026-01-15T17:18:56.092" >
      <step title="Writing artifact to /tmp/zipdeploy/798e445e-b428-4385-8c90-ba76f2544f8b.zip" date="2026-01-15T17:18:56.243" >
        <step title="Writing multipart request body to /tmp/zipdeploy/798e445e-b428-4385-8c90-ba76f2544f8b.zip" date="2026-01-15T17:18:56.246" /><!-- duration: 2ms -->
      </step><!-- duration: 433ms -->
      <step title="Start deployment in the background" date="2026-01-15T17:18:56.686" >
        <step title="Acquiring Deployment Lock" date="2026-01-15T17:18:56.742" /><!-- duration: 2ms -->
        <step title="Acquired Deployment Lock" date="2026-01-15T17:18:56.819" /><!-- duration: 11ms -->
      </step><!-- duration: 292ms -->
    </step><!-- duration: 897ms -->
    <step title="Outgoing response" date="2026-01-15T17:18:56.998" type="response" statusCode="202" statusText="Accepted" /><!-- duration: 2ms -->
  </step><!-- duration: 968ms -->
