﻿<?xml version="1.0" encoding="utf-8"?>
<deployment>
  <id>9c053251-76e3-4e3c-9100-14183d67f678</id>
  <author>N/A</author>
  <deployer>OneDeploy</deployer>
  <authorEmail>N/A</authorEmail>
  <message>OneDeploy</message>
  <progress></progress>
  <status>Success</status>
  <statusText></statusText>
  <lastSuccessEndTime>2026-01-15T17:11:07.1519272Z</lastSuccessEndTime>
  <receivedTime>2026-01-15T17:11:02.3358652Z</receivedTime>
  <startTime>2026-01-15T17:11:03.7050457Z</startTime>
  <endTime>2026-01-15T17:11:07.1519272Z</endTime>
  <complete>True</complete>
  <is_temp>False</is_temp>
  <is_readonly>True</is_readonly>
  <buildSummary />
</deployment>