﻿<?xml version="1.0" encoding="utf-8"?>
<deployment>
  <id>fd446690-5872-4850-8a11-6e5f60b11d87</id>
  <author>N/A</author>
  <deployer>OneDeploy</deployer>
  <authorEmail>N/A</authorEmail>
  <message>OneDeploy</message>
  <progress></progress>
  <status>Success</status>
  <statusText></statusText>
  <lastSuccessEndTime>2026-01-15T12:28:14.8808766Z</lastSuccessEndTime>
  <receivedTime>2026-01-15T12:26:03.8993451Z</receivedTime>
  <startTime>2026-01-15T12:26:05.5542604Z</startTime>
  <endTime>2026-01-15T12:28:14.8808766Z</endTime>
  <complete>True</complete>
  <is_temp>False</is_temp>
  <is_readonly>True</is_readonly>
  <buildSummary />
</deployment>