<step title="Incoming Request" date="2026-01-16T11:45:26.907" instance="7d4ee3" url="/api/deployments/latest" method="GET" type="request" pid="833,1,18" Accept="*/*" Host="app-landing-page-pro.scm.azurewebsites.net" User-Agent="AZURECLI/2.80.0 (MSI)" Accept-Encoding="gzip, deflate" Authorization="Bea..." x-ms-client-request-id="d2a238d6-f2d0-11f0-9509-c4cb76967773" X-ARR-LOG-ID="d2a238d6-f2d0-11f0-9509-c4cb76967773" CLIENT-IP="112.148.9.211:12247" X-SITE-DEPLOYMENT-ID="app-landing-page-pro" WAS-DEFAULT-HOSTNAME="app-landing-page-pro.scm.azurewebsites.net" X-Forwarded-Proto="https" X-AppService-Proto="https" X-Forwarded-TlsVersion="1.3" X-WAWS-Unencoded-URL="/api/deployments/latest" X-Client-IP="112.148.9.211" X-Client-Port="12247" >
  <step title="Cleanup Xml Logs" date="2026-01-16T11:45:26.909" >
    <step title="Cleanup Infos" date="2026-01-16T11:45:26.915" totalFiles="234" totalCleanup="74" /><!-- duration: 3ms -->
  </step><!-- duration: 10ms -->
  <step title="DeploymentService.GetResult" date="2026-01-16T11:45:26.954" >
    <step title="DeploymentService.GetLatestDeployment" date="2026-01-16T11:45:26.962" >
      <step title="DeploymentManager.GetResults" date="2026-01-16T11:45:26.965" /><!-- duration: 523ms -->
    </step><!-- duration: 535ms -->
  </step><!-- duration: 546ms -->
  <step title="Outgoing response" date="2026-01-16T11:45:27.503" type="response" statusCode="202" statusText="Accepted" /><!-- duration: 2ms -->
</step><!-- duration: 599ms -->
