<step title="Incoming Request" date="2026-01-15T11:40:29.470" instance="7d4ee3" url="/api/publish?async=true&amp;deployer=GITHUB_ONE_DEPLOY&amp;type=zip&amp;message=%7B%22type%22%3A%22deployment%22%2C%22sha%22%3A%2234d909470f9a2ede0f44bec48d1be7be1d0ae1e0%22%2C%22repoName%22%3A%22mikary78%2Flanding-page-pro%22%2C%22actor%22%3A%22mikary78%22%2C%22slotName%22%3A%22production%22%2C%22commitMessage%22%3A%22fix%3A%20Azure%20%EB%B0%B0%ED%8F%AC%20%ED%8C%A8%ED%82%A4%EC%A7%80%EC%97%90%20node_modules%20%ED%8F%AC%ED%95%A8%5Cn%5Cn-%20%EB%B0%B0%ED%8F%AC%20artifact%EC%97%90%20package.json%2C%20package-lock.json%20%ED%8F%AC%ED%95%A8%5Cn-%20%EB%B0%B0%ED%8F%AC%20%EB%8B%A8%EA%B3%84%EC%97%90%EC%84%9C%20production%20dependencies%20%EC%84%A4%EC%B9%98%5Cn-%20serve%20%EC%8B%A4%ED%96%89%EC%9D%84%20%EC%9C%84%ED%95%9C%20node_modules%20%EC%A0%9C%EA%B3%B5%5Cn%5Cn%F0%9F%A4%96%20Generated%20with%20%5BClaude%20Code%5D(https%3A%2F%2Fclaude.com%2Fclaude-code)%5Cn%5CnCo-Authored-By%3A%20Claude%20%3Cnoreply%40anthropic.com%3E%22%7D" method="POST" type="request" pid="833,1,3" Host="app-landing-page-pro.scm.azurewebsites.net" User-Agent="GITHUBACTIONS_DeployWebAppToAzure_644efeddaecd15a83f6575e6d1d63a56578d3d30a2a5d011262c6a63b84e42cb" Authorization="Bea..." Content-Type="application/octet-stream" Cookie="ARRAffinity=7d4ee311498b261eb996c3c5566ae5bbd227759952a6214551a3ab4312f134f3;Path=/;HttpOnly;Secure;Domain=app-landing-page-pro.scm.azurewebsites.net; ARRAffinitySameSite=7d4ee311498b261eb996c3c5566ae5bbd227759952a6214551a3ab4312f134f3;Path=/;HttpOnly;SameSite=None;Secure;Domain=app-landing-page-pro.scm.azurewebsites.net" Transfer-Encoding="chunked" X-ARR-LOG-ID="b1ec7094-8d8d-4fb0-912f-4933c5e4aa50" CLIENT-IP="172.182.226.17:53256" X-SITE-DEPLOYMENT-ID="app-landing-page-pro" WAS-DEFAULT-HOSTNAME="app-landing-page-pro.scm.azurewebsites.net" X-Forwarded-Proto="https" X-AppService-Proto="https" X-Forwarded-TlsVersion="1.3" X-WAWS-Unencoded-URL="/api/publish?async=true&amp;deployer=GITHUB_ONE_DEPLOY&amp;type=zip&amp;message=%7B%22type%22%3A%22deployment%22%2C%22sha%22%3A%2234d909470f9a2ede0f44bec48d1be7be1d0ae1e0%22%2C%22repoName%22%3A%22mikary78%2Flanding-page-pro%22%2C%22actor%22%3A%22mikary78%22%2C%22slotName%22%3A%22production%22%2C%22commitMessage%22%3A%22fix%3A%20Azure%20%EB%B0%B0%ED%8F%AC%20%ED%8C%A8%ED%82%A4%EC%A7%80%EC%97%90%20node_modules%20%ED%8F%AC%ED%95%A8%5Cn%5Cn-%20%EB%B0%B0%ED%8F%AC%20artifact%EC%97%90%20package.json%2C%20package-lock.json%20%ED%8F%AC%ED%95%A8%5Cn-%20%EB%B0%B0%ED%8F%AC%20%EB%8B%A8%EA%B3%84%EC%97%90%EC%84%9C%20production%20dependencies%20%EC%84%A4%EC%B9%98%5Cn-%20serve%20%EC%8B%A4%ED%96%89%EC%9D%84%20%EC%9C%84%ED%95%9C%20node_modules%20%EC%A0%9C%EA%B3%B5%5Cn%5Cn%F0%9F%A4%96%20Generated%20with%20%5BClaude%20Code%5D(https%3A%2F%2Fclaude.com%2Fclaude-code)%5Cn%5CnCo-Authored-By%3A%20Claude%20%3Cnoreply%40anthropic.com%3E%22%7D" X-Client-IP="172.182.226.17" X-Client-Port="53256" >
  <step title="Cleanup Xml Logs" date="2026-01-15T11:40:29.472" /><!-- duration: 4ms -->
  <step title="OneDeploy" date="2026-01-15T11:40:29.600" >
    <step title="None repository commit" date="2026-01-15T11:40:29.615" >
      <step title="Commit id: 275200de-4439-4bd0-abdf-b3c5b8b1c438" date="2026-01-15T11:40:29.618" Message="N/A" AuthorName="N/A" AuthorEmail="N/A" /><!-- duration: 2ms -->
    </step><!-- duration: 6ms -->
    <step title="Starting PushDeployAsync" date="2026-01-15T11:40:29.626" /><!-- duration: 3ms -->
    <step title="Writing artifact to /tmp/zipdeploy/5a172a58-7e8c-4279-abce-c53f4cfa779f.zip" date="2026-01-15T11:40:29.668" >
      <step title="Writing multipart request body to /tmp/zipdeploy/5a172a58-7e8c-4279-abce-c53f4cfa779f.zip" date="2026-01-15T11:40:29.672" /><!-- duration: 15ms -->
    </step><!-- duration: 8519ms -->
    <step title="Start deployment in the background" date="2026-01-15T11:40:38.201" >
      <step title="Acquiring Deployment Lock" date="2026-01-15T11:40:38.254" /><!-- duration: 3ms -->
      <step title="Acquired Deployment Lock" date="2026-01-15T11:40:38.316" /><!-- duration: 13ms -->
    </step><!-- duration: 294ms -->
  </step><!-- duration: 8907ms -->
  <step title="Outgoing response" date="2026-01-15T11:40:38.522" type="response" statusCode="202" statusText="Accepted" /><!-- duration: 16ms -->
</step><!-- duration: 9073ms -->
