<step title="Incoming Request" date="2026-01-16T11:19:06.774" instance="7d4ee3" url="/api/zipdeploy?isAsync=true" method="POST" type="request" pid="835,1,18" Accept="*/*" Host="app-landing-page-pro.scm.azurewebsites.net" User-Agent="AZURECLI/2.80.0 (MSI)" Accept-Encoding="gzip, deflate" Authorization="Bea..." Cache-Control="no-cache" Content-Type="application/octet-stream" Content-Length="3144066" x-ms-client-request-id="27835fa4-f2cd-11f0-a98c-c4cb76967773" x-ms-artifact-checksum="fa4fa77369ff90ce1abf75273c8a9b3b9922a732809c5ee43b578d49f0f78adc" X-ARR-LOG-ID="27835fa4-f2cd-11f0-a98c-c4cb76967773" CLIENT-IP="112.148.9.211:10835" X-SITE-DEPLOYMENT-ID="app-landing-page-pro" WAS-DEFAULT-HOSTNAME="app-landing-page-pro.scm.azurewebsites.net" X-Forwarded-Proto="https" X-AppService-Proto="https" X-Forwarded-TlsVersion="1.3" X-WAWS-Unencoded-URL="/api/zipdeploy?isAsync=true" X-Client-IP="112.148.9.211" X-Client-Port="10835" >
  <step title="Cleanup Xml Logs" date="2026-01-16T11:19:06.776" /><!-- duration: 10ms -->
  <step title="ZipPushDeploy" date="2026-01-16T11:19:06.860" >
    <step title="ZipDeploy. Extract zip." date="2026-01-16T11:19:06.887" /><!-- duration: 2ms -->
    <step title="Starting PushDeployAsync" date="2026-01-16T11:19:06.896" /><!-- duration: 2ms -->
    <step title="Writing artifact to /tmp/zipdeploy/761386f2-81a0-4a61-aa5a-85dc7c6bec12.zip" date="2026-01-16T11:19:06.915" >
      <step title="Writing multipart request body to /tmp/zipdeploy/761386f2-81a0-4a61-aa5a-85dc7c6bec12.zip" date="2026-01-16T11:19:06.918" /><!-- duration: 25ms -->
    </step><!-- duration: 206ms -->
    <step title="Removing previous build artifact&apos;s manifest file" date="2026-01-16T11:19:07.125" >
      <step title="Start deployment in the background" date="2026-01-16T11:19:07.142" >
        <step title="Acquiring Deployment Lock" date="2026-01-16T11:19:07.175" /><!-- duration: 2ms -->
        <step title="Acquired Deployment Lock" date="2026-01-16T11:19:07.200" /><!-- duration: 2ms -->
      </step><!-- duration: 135ms -->
    </step><!-- duration: 162ms -->
    <step title="Outgoing response" date="2026-01-16T11:19:07.290" type="response" statusCode="202" statusText="Accepted" /><!-- duration: 6ms -->
  </step><!-- duration: 437ms -->
