<step title="Incoming Request" date="2026-01-16T11:26:07.915" instance="7d4ee3" url="/api/zipdeploy?isAsync=true" method="POST" type="request" pid="833,1,7" Accept="*/*" Host="app-landing-page-pro.scm.azurewebsites.net" User-Agent="AZURECLI/2.80.0 (MSI)" Accept-Encoding="gzip, deflate" Authorization="Bea..." Cache-Control="no-cache" Content-Type="application/octet-stream" Content-Length="3144747" x-ms-client-request-id="fd611d59-f2cd-11f0-93e4-c4cb76967773" x-ms-artifact-checksum="1c7b8e9e1d3c33da17427cea3327da2d4886994054803eef6996e41b3e98012b" X-ARR-LOG-ID="fd611d59-f2cd-11f0-93e4-c4cb76967773" CLIENT-IP="112.148.9.211:13906" X-SITE-DEPLOYMENT-ID="app-landing-page-pro" WAS-DEFAULT-HOSTNAME="app-landing-page-pro.scm.azurewebsites.net" X-Forwarded-Proto="https" X-AppService-Proto="https" X-Forwarded-TlsVersion="1.3" X-WAWS-Unencoded-URL="/api/zipdeploy?isAsync=true" X-Client-IP="112.148.9.211" X-Client-Port="13906" >
  <step title="ZipPushDeploy" date="2026-01-16T11:26:09.189" >
    <step title="ZipDeploy. Extract zip. Remote build." date="2026-01-16T11:26:09.198" /><!-- duration: 2ms -->
    <step title="None repository commit" date="2026-01-16T11:26:09.206" >
      <step title="Commit id: 2714b10e-296c-41e4-a0a0-d46b16e7b566" date="2026-01-16T11:26:09.208" Message="N/A" AuthorName="N/A" AuthorEmail="N/A" /><!-- duration: 2ms -->
    </step><!-- duration: 6ms -->
    <step title="Starting PushDeployAsync" date="2026-01-16T11:26:09.216" /><!-- duration: 2ms -->
    <step title="Writing artifact to /tmp/zipdeploy/5415317e-dd58-469a-b8d7-3fd8f725ea63.zip" date="2026-01-16T11:26:09.243" >
      <step title="Writing multipart request body to /tmp/zipdeploy/5415317e-dd58-469a-b8d7-3fd8f725ea63.zip" date="2026-01-16T11:26:09.251" /><!-- duration: 12ms -->
    </step><!-- duration: 225ms -->
    <step title="Start deployment in the background" date="2026-01-16T11:26:09.480" >
      <step title="Acquiring Deployment Lock" date="2026-01-16T11:26:09.527" /><!-- duration: 8ms -->
      <step title="Acquired Deployment Lock" date="2026-01-16T11:26:09.598" /><!-- duration: 6ms -->
    </step><!-- duration: 191ms -->
  </step><!-- duration: 509ms -->
  <step title="Outgoing response" date="2026-01-16T11:26:09.812" type="response" statusCode="202" statusText="Accepted" /><!-- duration: 18ms -->
</step><!-- duration: 1924ms -->
