<step title="BackgroundTrace" date="2026-01-15T11:32:05.723" instance="7d4ee3" url="/api/publish" method="POST" >
  <step title="Cleanup Xml Logs" date="2026-01-15T11:32:05.741" /><!-- duration: 28ms -->
  <step title="Creating temporary deployment - FetchDeploymentManager" date="2026-01-15T11:32:05.998" /><!-- duration: 19ms -->
  <step title="Creating temporary deployment" date="2026-01-15T11:32:06.021" /><!-- duration: 262ms -->
  <step title="Performing fetch based deployment" date="2026-01-15T11:32:06.513" >
    <step title="Cleaning up temp folders from previous zip deployments and extracting pushed zip file /tmp/zipdeploy/3779055e-31b9-4536-a9f5-3d1986facde4.zip (3.14 MB) to /tmp/zipdeploy/extracted" date="2026-01-15T11:32:07.865" >
      <step title="ChmodRecursive Process exited with total time taken in ms: 58" date="2026-01-15T11:32:08.392" /><!-- duration: 2ms -->
    </step><!-- duration: 535ms -->
    <step title="Deployment timer started" date="2026-01-15T11:32:10.433" >
      <step title="DeploymentManager.Deploy(id:70b3467c-c68a-4b95-ad2e-6c6d7d645c31)" date="2026-01-15T11:32:10.452" >
        <step title="Collecting changeset information" date="2026-01-15T11:32:10.546" /><!-- duration: 126ms -->
        <step title="Updating submodules" date="2026-01-15T11:32:10.677" /><!-- duration: 1133ms -->
        <step title="Determining deployment builder" date="2026-01-15T11:32:12.410" >
          <step title="Builder is OneDeployBuilder" date="2026-01-15T11:32:12.439" /><!-- duration: 17ms -->
        </step><!-- duration: 95ms -->
        <step title="PreDeployment: context.CleanOutputPath False" date="2026-01-15T11:32:12.760" >
          <step title="PreDeployment: context.OutputPath /home/site/wwwroot" date="2026-01-15T11:32:12.977" >
            <step title="Building" date="2026-01-15T11:32:13.197" >
              <step title="Executing external process" date="2026-01-15T11:32:14.031" type="process" path="starter.sh" arguments="/opt/Kudu/Scripts/parallel_rsync.sh /tmp/zipdeploy/extracted /home/site/wwwroot 8 /tmp/ False False  " /><!-- duration: 9606ms -->
              <step title="Modified file to trigger a restart of the app container." date="2026-01-15T11:32:24.491" /><!-- duration: 29ms -->
              <step title="Skip function trigger and logicapp sync because function is not enabled." date="2026-01-15T11:32:24.533" /><!-- duration: 9ms -->
            </step><!-- duration: 12605ms -->
          </step><!-- duration: 12841ms -->
          <step title="Cleaning up temp files" date="2026-01-15T11:32:25.829" /><!-- duration: 17ms -->
          <step title="Cleaning up temp files" date="2026-01-15T11:32:25.857" /><!-- duration: 577ms -->
          <step title="Reloading status file with latest updates" date="2026-01-15T11:32:26.562" >
            <step title="WebHooksManager.PublishEventAsync: PostDeployment" date="2026-01-15T11:32:26.580" /><!-- duration: 321ms -->
          </step><!-- duration: 348ms -->
          <step title="Cleaning up temporary deployment - fetch deployment was successful" date="2026-01-15T11:32:26.929" /><!-- duration: 10ms -->
        </step><!-- duration: 14294ms -->
      </step><!-- duration: 16650ms -->
