<step title="Incoming Request" date="2026-01-16T11:18:28.159" instance="7d4ee3" url="/api/publish?type=zip&amp;async=False" method="POST" type="request" pid="835,1,15" Accept="*/*" Host="app-landing-page-pro.scm.azurewebsites.net" User-Agent="AZURECLI/2.80.0 (MSI)" Accept-Encoding="gzip, deflate" Authorization="Bea..." Cache-Control="no-cache" Content-Type="application/octet-stream" Cookie="ARRAffinity=7d4ee311498b261eb996c3c5566ae5bbd227759952a6214551a3ab4312f134f3; ARRAffinitySameSite=7d4ee311498b261eb996c3c5566ae5bbd227759952a6214551a3ab4312f134f3" Content-Length="3144066" x-ms-client-request-id="0d60c6c4-f2cd-11f0-8612-c4cb76967773" x-ms-artifact-checksum="fa4fa77369ff90ce1abf75273c8a9b3b9922a732809c5ee43b578d49f0f78adc" X-ARR-LOG-ID="0d60c6c4-f2cd-11f0-8612-c4cb76967773" CLIENT-IP="112.148.9.211:5568" X-SITE-DEPLOYMENT-ID="app-landing-page-pro" WAS-DEFAULT-HOSTNAME="app-landing-page-pro.scm.azurewebsites.net" X-Forwarded-Proto="https" X-AppService-Proto="https" X-Forwarded-TlsVersion="1.3" X-WAWS-Unencoded-URL="/api/publish?type=zip&amp;async=False" X-Client-IP="112.148.9.211" X-Client-Port="5568" >
  <step title="OneDeploy" date="2026-01-16T11:18:28.437" >
    <step title="None repository commit" date="2026-01-16T11:18:28.480" >
      <step title="Commit id: 553aec4a-0c55-4fcb-9cd1-a539d2e76bd2" date="2026-01-16T11:18:28.498" Message="N/A" AuthorName="N/A" AuthorEmail="N/A" /><!-- duration: 3ms -->
    </step><!-- duration: 35ms -->
    <step title="Starting PushDeployAsync" date="2026-01-16T11:18:28.523" /><!-- duration: 2ms -->
    <step title="Writing artifact to /tmp/zipdeploy/404f1c7b-f7d1-45a0-907b-c780e38c06b1.zip" date="2026-01-16T11:18:28.546" >
      <step title="Writing multipart request body to /tmp/zipdeploy/404f1c7b-f7d1-45a0-907b-c780e38c06b1.zip" date="2026-01-16T11:18:28.572" /><!-- duration: 9ms -->
    </step><!-- duration: 786ms -->
    <step title="Attempting to fetch target branch HEAD" date="2026-01-16T11:18:29.345" /><!-- duration: 2ms -->
    <step title="Acquiring Deployment Lock" date="2026-01-16T11:18:29.353" /><!-- duration: 9ms -->
    <step title="Acquired Deployment Lock" date="2026-01-16T11:18:29.395" /><!-- duration: 2ms -->
    <step title="Performing fetch based deployment" date="2026-01-16T11:18:29.402" >
      <step title="Creating temporary deployment" date="2026-01-16T11:18:29.405" /><!-- duration: 86ms -->
      <step title="Releasing Deployment Lock" date="2026-01-16T11:18:30.655" /><!-- duration: 3ms -->
      <step title="Cleaning up temp folders from previous zip deployments and extracting pushed zip file /tmp/zipdeploy/404f1c7b-f7d1-45a0-907b-c780e38c06b1.zip (3.00 MB) to /tmp/zipdeploy/extracted" date="2026-01-16T11:18:30.697" >
        <step title="ChmodRecursive Process exited with total time taken in ms: 50" date="2026-01-16T11:18:31.072" /><!-- duration: 2ms -->
      </step><!-- duration: 448ms -->
      <step title="None repository commit" date="2026-01-16T11:18:31.169" >
        <step title="Commit id: 553aec4a-0c55-4fcb-9cd1-a539d2e76bd2" date="2026-01-16T11:18:31.171" Message="OneDeploy" AuthorName="N/A" AuthorEmail="N/A" /><!-- duration: 2ms -->
      </step><!-- duration: 5ms -->
      <step title="Deployment timer started" date="2026-01-16T11:18:33.182" >
        <step title="DeploymentManager.Deploy(id:553aec4a-0c55-4fcb-9cd1-a539d2e76bd2)" date="2026-01-16T11:18:33.198" >
          <step title="Collecting changeset information" date="2026-01-16T11:18:33.218" /><!-- duration: 85ms -->
          <step title="Updating submodules" date="2026-01-16T11:18:33.309" /><!-- duration: 1164ms -->
          <step title="Determining deployment builder" date="2026-01-16T11:18:34.703" >
            <step title="Builder is OneDeployBuilder" date="2026-01-16T11:18:34.715" /><!-- duration: 7ms -->
          </step><!-- duration: 23ms -->
          <step title="PreDeployment: context.CleanOutputPath False" date="2026-01-16T11:18:34.767" >
            <step title="PreDeployment: context.OutputPath /home/site/wwwroot" date="2026-01-16T11:18:34.892" >
              <step title="Building" date="2026-01-16T11:18:35.076" >
                <step title="Executing external process" date="2026-01-16T11:18:35.640" type="process" path="starter.sh" arguments="/opt/Kudu/Scripts/parallel_rsync.sh /tmp/zipdeploy/extracted /home/site/wwwroot 8 /tmp/ False False  " >
                  <step title="Process dump" date="2026-01-16T11:18:49.804" exitCode="123" type="processOutput" /><!-- duration: 33ms -->
                </step><!-- duration: 14226ms -->
                <step title="Error occurred" date="2026-01-16T11:18:49.952" type="error" text="rsync: [generator] recv_generator: failed to stat &quot;/home/site/wwwroot/dist\assets\architectureDiagram-VXUJARFQ-H7RCm_9v.js&quot;: Invalid argument (22)
rsync: [generator] recv_generator: failed to stat &quot;/home/site/wwwroot/dist\assets\chunk-4BX2VUAB-DExaJ3XS.js&quot;: Invalid argument (22)
rsync: [generator] recv_generator: failed to stat &quot;/home/site/wwwroot/dist\assets\chunk-TZMSLE5B-f8swh9j9.js&quot;: Invalid argument (22)
rsync: [generator] recv_generator: failed to stat &quot;/home/site/wwwroot/dist\assets\classDiagram-2ON5EDUG-CpA9kvDY.js&quot;: Invalid argument (22)
rsync: [generator] recv_generator: failed to stat &quot;/home/site/wwwroot/dist\assets\diagram-QEK2KX5R-K8KydW_p.js&quot;: Invalid argument (22)
rsync: [generator] recv_generator: failed to stat &quot;/home/site/wwwroot/dist\assets\ganttDiagram-JELNMOA3-7u-GEAYm.js&quot;: Invalid argument (22)
rsync: [generator] recv_generator: failed to stat &quot;/home/site/wwwroot/dist\assets\league-gothic-Cg6O_jDX.ttf&quot;: Invalid argument (22)
rsync: [generator] recv_generator: failed to stat &quot;/home/site/wwwroot/dist\assets\source-sans-pro-italic-BRELHCij.eot&quot;: Invalid argument (22)
rsync: [generator] recv_generator: failed to stat &quot;/home/site/wwwroot/dist\assets\xychartDiagram-PRI3JC2R-D2xkEirR.js&quot;: Invalid argument (22)
rsync: [generator] recv_generator: failed to stat &quot;/home/site/wwwroot/dist\assets\chunk-B4BG7PRW-CdBbYniP.js&quot;: Invalid argument (22)
rsync: [generator] recv_generator: failed to stat &quot;/home/site/wwwroot/dist\assets\chunk-QN33PNHL-O59_OMPG.js&quot;: Invalid argument (22)
rsync: [generator] recv_generator: failed to stat &quot;/home/site/wwwroot/dist\assets\index-DX6hN0jb.css&quot;: Invalid argument (22)
rsync: [generator] recv_generator: failed to stat &quot;/home/site/wwwroot/dist\assets\min-CmGAg9iK.js&quot;: Invalid argument (22)
rsync: [generator] recv_generator: failed to stat &quot;/home/site/wwwroot/dist\assets\source-sans-pro-italic-CRcsOvyS.ttf&quot;: Invalid argument (22)
rsync: [generator] recv_generator: failed to stat &quot;/home/site/wwwroot/dist\assets\source-sans-pro-italic-Cv9m8hC5.woff&quot;: Invalid argument (22)
rsync: [generator] recv_generator: failed to stat &quot;/home/site/wwwroot/dist\assets\source-sans-pro-semibold-J0UDcmCq.ttf&quot;: Invalid argument (22)
rsync: [generator] recv_generator: failed to stat &quot;/home/site/wwwroot/dist\assets\source-sans-pro-semibolditalic-DCTsihXp.eot&quot;: Invalid argument (22)
rsync: [generator] recv_generator: failed to stat &quot;/home/site/wwwroot/dist\favicon.ico&quot;: Invalid argument (22)
rsync: [generator] recv_generator: failed to stat &quot;/home/site/wwwroot/dist\assets\clone-DohMwSOy.js&quot;: Invalid argument (22)
rsync: [generator] recv_generator: failed to stat &quot;/home/site/wwwroot/dist\assets\diagram-PSM6KHXK-BWRfE-7q.js&quot;: Invalid argument (22)
rsync: [generator] recv_generator: failed to stat &quot;/home/site/wwwroot/dist\assets\erDiagram-Q2GNP2WA-B-o--YkO.js&quot;: Invalid argument (22)
rsync: [generator] recv_generator: failed to stat &quot;/home/site/wwwroot/dist\assets\hero-illustration-BopuXrxI.jpg&quot;: Invalid argument (22)
rsync: [generator] recv_generator: failed to stat &quot;/home/site/wwwroot/dist\assets\katex-XbL3y5x-.js&quot;: Invalid argument (22)
rsync: [generator] recv_generator: failed to stat &quot;/home/site/wwwroot/dist\assets\pieDiagram-ADFJNKIX-fNjGcPjn.js&quot;: Invalid argument (22)
rsync: [generator] recv_generator: failed to stat &quot;/home/site/wwwroot/dist\assets\source-sans-pro-regular-C8xAf4ue.eot&quot;: Invalid argument (22)
rsync: [generator] recv_generator: failed to stat &quot;/home/site/wwwroot/dist\assets\source-sans-pro-semibolditalic-BHQoOnJ8.ttf&quot;: Invalid argument (22)
rsync: [generator] recv_generator: failed to stat &quot;/home/site/wwwroot/dist\assets\treemap-KMMF4GRG-BAlVGnq-.js&quot;: Invalid argument (22)
rsync: [generator] recv_generator: failed to stat &quot;/home/site/wwwroot/dist\placeholder.svg&quot;: Invalid argument (22)
rsync: [generator] recv_generator: failed to stat &quot;/home/site/wwwroot/dist\assets\chunk-DI55MBZ5-Sefhqyra.js&quot;: Invalid argument (22)
rsync: [generator] recv_generator: failed to stat &quot;/home/site/wwwroot/dist\assets\cose-bilkent-S5V4N54A-BYMQX658.js&quot;: Invalid argument (22)
rsync: [generator] recv_generator: failed to stat &quot;/home/site/wwwroot/dist\assets\flowDiagram-NV44I4VS-CVbU0YGk.js&quot;: Invalid argument (22)
rsync: [generator] recv_generator: failed to stat &quot;/home/site/wwwroot/dist\assets\infoDiagram-WHAUD3N6-Bi5D2GpG.js&quot;: Invalid argument (22)
rsync: [generator] recv_generator: failed to stat &quot;/home/site/wwwroot/dist\assets\kanban-definition-3W4ZIXB7-B701GV8Z.js&quot;: Invalid argument (22)
rsync: [generator] recv_generator: failed to stat &quot;/home/site/wwwroot/dist\assets\layout-B5BrZyxz.js&quot;: Invalid argument (22)
rsync: [generator] recv_generator: failed to stat &quot;/home/site/wwwroot/dist\assets\quadrantDiagram-AYHSOK5B-B39s4Z7o.js&quot;: Invalid argument (22)
rsync: [generator] recv_generator: failed to stat &quot;/home/site/wwwroot/dist\assets\timeline-definition-IT6M3QCI-CV-Liy-U.js&quot;: Invalid argument (22)
rsync: [generator] recv_generator: failed to stat &quot;/home/site/wwwroot/dist\logo.svg&quot;: Invalid argument (22)
rsync: [generator] recv_generator: failed to stat &quot;/home/site/wwwroot/dist\robots.txt&quot;: Invalid argument (22)
rsync: [generator] recv_generator: failed to stat &quot;/home/site/wwwroot/dist\assets\_baseUniq-KmPnAyKP.js&quot;: Invalid argument (22)
rsync: [generator] recv_generator: failed to stat &quot;/home/site/wwwroot/dist\assets\arc-XUMfe5VI.js&quot;: Invalid argument (22)
rsync: [generator] recv_generator: failed to stat &quot;/home/site/wwwroot/dist\assets\blockDiagram-VD42YOAC-DcFIQTZq.js&quot;: Invalid argument (22)
rsync: [generator] recv_generator: failed to stat &quot;/home/site/wwwroot/dist\assets\c4Diagram-YG6GDRKO-BLQL9rLu.js&quot;: Invalid argument (22)
rsync: [generator] recv_generator: failed to stat &quot;/home/site/wwwroot/dist\assets\chunk-FMBD7UC4-DJNsBBDT.js&quot;: Invalid argument (22)
rsync: [generator] recv_generator: failed to stat &quot;/home/site/wwwroot/dist\assets\diagram-S2PKOQOG-DlI2vW2m.js&quot;: Invalid argument (22)
rsync: [generator] recv_generator: failed to stat &quot;/home/site/wwwroot/dist\assets\graph-CYqw1HM5.js&quot;: Invalid argument (22)
rsync: [generator] recv_generator: failed to stat &quot;/home/site/wwwroot/dist\assets\mindmap-definition-VGOIOE7T-BHIAoIxt.js&quot;: Invalid argument (22)
rsync: [generator] recv_generator: failed to stat &quot;/home/site/wwwroot/dist\assets\sankeyDiagram-TZEHDZUN-CHOwpNrq.js&quot;: Invalid argument (22)
rsync: [generator] recv_generator: failed to stat &quot;/home/site/wwwroot/dist\assets\source-sans-pro-regular-Du6DMqU5.woff&quot;: Invalid argument (22)
rsync: [generator] recv_generator: failed to stat &quot;/home/site/wwwroot/dist\assets\channel-BZJ6Kb47.js&quot;: Invalid argument (22)
rsync: [generator] recv_generator: failed to stat &quot;/home/site/wwwroot/dist\assets\chunk-55IACEB6-BEuDu4On.js&quot;: Invalid argument (22)
rsync: [generator] recv_generator: failed to stat &quot;/home/site/wwwroot/dist\assets\chunk-QZHKN3VN-BaQfophB.js&quot;: Invalid argument (22)
rsync: [generator] recv_generator: failed to stat &quot;/home/site/wwwroot/dist\assets\classDiagram-v2-WZHVMYZB-CpA9kvDY.js&quot;: Invalid argument (22)
rsync: [generator] recv_generator: failed to stat &quot;/home/site/wwwroot/dist\assets\cytoscape.esm-5J0xJHOV.js&quot;: Invalid argument (22)
rsync: [generator] recv_generator: failed to stat &quot;/home/site/wwwroot/dist\assets\requirementDiagram-UZGBJVZJ-Cx4ORLM-.js&quot;: Invalid argument (22)
rsync: [generator] recv_generator: failed to stat &quot;/home/site/wwwroot/dist\assets\source-sans-pro-regular-DVYRbr7L.ttf&quot;: Invalid argument (22)
rsync: [generator] recv_generator: failed to stat &quot;/home/site/wwwroot/dist\assets\source-sans-pro-semibold-DJkFd4Pg.eot&quot;: Invalid argument (22)
rsync: [generator] recv_generator: failed to stat &quot;/home/site/wwwroot/dist\assets\source-sans-pro-semibolditalic-DSkHRpvW.woff&quot;: Invalid argument (22)
rsync: [generator] recv_generator: failed to stat &quot;/home/site/wwwroot/dist\index.html&quot;: Invalid argument (22)
rsync: [generator] recv_generator: failed to stat &quot;/home/site/wwwroot/dist\assets\__vite-browser-external-BIHI7g3E.js&quot;: Invalid argument (22)
rsync: [generator] recv_generator: failed to stat &quot;/home/site/wwwroot/dist\assets\dagre-6UL2VRFP-B-X5fLDB.js&quot;: Invalid argument (22)
rsync: [generator] recv_generator: failed to stat &quot;/home/site/wwwroot/dist\assets\gitGraphDiagram-NY62KEGX-mDQqT0t5.js&quot;: Invalid argument (22)
rsync: [generator] recv_generator: failed to stat &quot;/home/site/wwwroot/dist\assets\index-BXP3E17j.js&quot;: Invalid argument (22)
rsync: [generator] recv_generator: failed to stat &quot;/home/site/wwwroot/dist\assets\league-gothic-CHd505-u.eot&quot;: Invalid argument (22)
rsync: [generator] recv_generator: failed to stat &quot;/home/site/wwwroot/dist\assets\sequenceDiagram-WL72ISMW-DjNUsMGN.js&quot;: Invalid argument (22)
rsync: [generator] recv_generator: failed to stat &quot;/home/site/wwwroot/dist\assets\source-sans-pro-semibold-DwriEDPf.woff&quot;: Invalid argument (22)
rsync: [generator] recv_generator: failed to stat &quot;/home/site/wwwroot/dist\assets\stateDiagram-FKZM4ZOC-DWBdR7_7.js&quot;: Invalid argument (22)
rsync: [generator] recv_generator: failed to stat &quot;/home/site/wwwroot/dist\assets\stateDiagram-v2-4FDKWEC3-CAKjH3W5.js&quot;: Invalid argument (22)
rsync error: some files/attrs were not transferred (see previous errors) (code 23) at main.c(1338) [sender=3.2.7]
rsync error: some files/attrs were not transferred (see previous errors) (code 23) at main.c(1338) [sender=3.2.7]
rsync error: some files/attrs were not transferred (see previous errors) (code 23) at main.c(1338) [sender=3.2.7]
rsync error: some files/attrs were not transferred (see previous errors) (code 23) at main.c(1338) [sender=3.2.7]
rsync: [generator] recv_generator: failed to stat &quot;/home/site/wwwroot/dist\assets\journeyDiagram-XKPGCS4Q-_ZeExwIv.js&quot;: Invalid argument (22)
rsync: [generator] recv_generator: failed to stat &quot;/home/site/wwwroot/dist\assets\league-gothic-DDFhcAD7.woff&quot;: Invalid argument (22)
rsync: [generator] recv_generator: failed to stat &quot;/home/site/wwwroot/dist\assets\clone-DohMwSOy.js&quot;: Invalid argument (22)
rsync: [generator] recv_generator: failed to stat &quot;/home/site/wwwroot/dist\assets\diagram-PSM6KHXK-BWRfE-7q.js&quot;: Invalid argument (22)
rsync: [generator] recv_generator: failed to stat &quot;/home/site/wwwroot/dist\assets\erDiagram-Q2GNP2WA-B-o--YkO.js&quot;: Invalid argument (22)
rsync: [generator] recv_generator: failed to stat &quot;/home/site/wwwroot/dist\assets\hero-illustration-BopuXrxI.jpg&quot;: Invalid argument (22)
rsync: [generator] recv_generator: failed to stat &quot;/home/site/wwwroot/dist\assets\katex-XbL3y5x-.js&quot;: Invalid argument (22)
rsync: [generator] recv_generator: failed to stat &quot;/home/site/wwwroot/dist\assets\pieDiagram-ADFJNKIX-fNjGcPjn.js&quot;: Invalid argument (22)
rsync: [generator] recv_generator: failed to stat &quot;/home/site/wwwroot/dist\assets\source-sans-pro-regular-C8xAf4ue.eot&quot;: Invalid argument (22)
rsync: [generator] recv_generator: failed to stat &quot;/home/site/wwwroot/dist\assets\source-sans-pro-semibolditalic-BHQoOnJ8.ttf&quot;: Invalid argument (22)
rsync: [generator] recv_generator: failed to stat &quot;/home/site/wwwroot/dist\assets\treemap-KMMF4GRG-BAlVGnq-.js&quot;: Invalid argument (22)
rsync: [generator] recv_generator: failed to stat &quot;/home/site/wwwroot/dist\placeholder.svg&quot;: Invalid argument (22)
rsync error: some files/attrs were not transferred (see previous errors) (code 23) at main.c(1338) [sender=3.2.7]
rsync error: some files/attrs were not transferred (see previous errors) (code 23) at main.c(1338) [sender=3.2.7]
rsync error: some files/attrs were not transferred (see previous errors) (code 23) at main.c(1338) [sender=3.2.7]
rsync error: some files/attrs were not transferred (see previous errors) (code 23) at main.c(1338) [sender=3.2.7]
rsync: [generator] recv_generator: failed to stat &quot;/home/site/wwwroot/dist\assets\chunk-DI55MBZ5-Sefhqyra.js&quot;: Invalid argument (22)
rsync: [generator] recv_generator: failed to stat &quot;/home/site/wwwroot/dist\assets\cose-bilkent-S5V4N54A-BYMQX658.js&quot;: Invalid argument (22)
rsync: [generator] recv_generator: failed to stat &quot;/home/site/wwwroot/dist\assets\flowDiagram-NV44I4VS-CVbU0YGk.js&quot;: Invalid argument (22)
rsync: [generator] recv_generator: failed to stat &quot;/home/site/wwwroot/dist\assets\infoDiagram-WHAUD3N6-Bi5D2GpG.js&quot;: Invalid argument (22)
rsync: [generator] recv_generator: failed to stat &quot;/home/site/wwwroot/dist\assets\kanban-definition-3W4ZIXB7-B701GV8Z.js&quot;: Invalid argument (22)
rsync: [generator] recv_generator: failed to stat &quot;/home/site/wwwroot/dist\assets\layout-B5BrZyxz.js&quot;: Invalid argument (22)
rsync: [generator] recv_generator: failed to stat &quot;/home/site/wwwroot/dist\assets\quadrantDiagram-AYHSOK5B-B39s4Z7o.js&quot;: Invalid argument (22)
rsync: [generator] recv_generator: failed to stat &quot;/home/site/wwwroot/dist\assets\timeline-definition-IT6M3QCI-CV-Liy-U.js&quot;: Invalid argument (22)
rsync: [generator] recv_generator: failed to stat &quot;/home/site/wwwroot/dist\logo.svg&quot;: Invalid argument (22)
rsync: [generator] recv_generator: failed to stat &quot;/home/site/wwwroot/dist\robots.txt&quot;: Invalid argument (22)
rsync error: some files/attrs were not transferred (see previous errors) (code 23) at main.c(1338) [sender=3.2.7]
rsync error: some files/attrs were not transferred (see previous errors) (code 23) at main.c(1338) [sender=3.2.7]
rsync: [generator] recv_generator: failed to stat &quot;/home/site/wwwroot/dist\assets\_baseUniq-KmPnAyKP.js&quot;: Invalid argument (22)
rsync: [generator] recv_generator: failed to stat &quot;/home/site/wwwroot/dist\assets\arc-XUMfe5VI.js&quot;: Invalid argument (22)
rsync: [generator] recv_generator: failed to stat &quot;/home/site/wwwroot/dist\assets\blockDiagram-VD42YOAC-DcFIQTZq.js&quot;: Invalid argument (22)
rsync: [generator] recv_generator: failed to stat &quot;/home/site/wwwroot/dist\assets\c4Diagram-YG6GDRKO-BLQL9rLu.js&quot;: Invalid argument (22)
rsync: [generator] recv_generator: failed to stat &quot;/home/site/wwwroot/dist\assets\chunk-FMBD7UC4-DJNsBBDT.js&quot;: Invalid argument (22)
rsync: [generator] recv_generator: failed to stat &quot;/home/site/wwwroot/dist\assets\diagram-S2PKOQOG-DlI2vW2m.js&quot;: Invalid argument (22)
rsync: [generator] recv_generator: failed to stat &quot;/home/site/wwwroot/dist\assets\graph-CYqw1HM5.js&quot;: Invalid argument (22)
rsync: [generator] recv_generator: failed to stat &quot;/home/site/wwwroot/dist\assets\mindmap-definition-VGOIOE7T-BHIAoIxt.js&quot;: Invalid argument (22)
rsync: [generator] recv_generator: failed to stat &quot;/home/site/wwwroot/dist\assets\sankeyDiagram-TZEHDZUN-CHOwpNrq.js&quot;: Invalid argument (22)
rsync: [generator] recv_generator: failed to stat &quot;/home/site/wwwroot/dist\assets\source-sans-pro-regular-Du6DMqU5.woff&quot;: Invalid argument (22)
rsync: [generator] recv_generator: failed to stat &quot;/home/site/wwwroot/dist\assets\__vite-browser-external-BIHI7g3E.js&quot;: Invalid argument (22)
rsync: [generator] recv_generator: failed to stat &quot;/home/site/wwwroot/dist\assets\dagre-6UL2VRFP-B-X5fLDB.js&quot;: Invalid argument (22)
rsync: [generator] recv_generator: failed to stat &quot;/home/site/wwwroot/dist\assets\gitGraphDiagram-NY62KEGX-mDQqT0t5.js&quot;: Invalid argument (22)
rsync: [generator] recv_generator: failed to stat &quot;/home/site/wwwroot/dist\assets\index-BXP3E17j.js&quot;: Invalid argument (22)
rsync: [generator] recv_generator: failed to stat &quot;/home/site/wwwroot/dist\assets\league-gothic-CHd505-u.eot&quot;: Invalid argument (22)
rsync: [generator] recv_generator: failed to stat &quot;/home/site/wwwroot/dist\assets\sequenceDiagram-WL72ISMW-DjNUsMGN.js&quot;: Invalid argument (22)
rsync: [generator] recv_generator: failed to stat &quot;/home/site/wwwroot/dist\assets\source-sans-pro-semibold-DwriEDPf.woff&quot;: Invalid argument (22)
rsync: [generator] recv_generator: failed to stat &quot;/home/site/wwwroot/dist\assets\stateDiagram-FKZM4ZOC-DWBdR7_7.js&quot;: Invalid argument (22)
rsync: [generator] recv_generator: failed to stat &quot;/home/site/wwwroot/dist\assets\stateDiagram-v2-4FDKWEC3-CAKjH3W5.js&quot;: Invalid argument (22)
rsync: [generator] recv_generator: failed to stat &quot;/home/site/wwwroot/dist\assets\journeyDiagram-XKPGCS4Q-_ZeExwIv.js&quot;: Invalid argument (22)
rsync: [generator] recv_generator: failed to stat &quot;/home/site/wwwroot/dist\assets\league-gothic-DDFhcAD7.woff&quot;: Invalid argument (22)
rsync: [generator] recv_generator: failed to stat &quot;/home/site/wwwroot/dist\assets\architectureDiagram-VXUJARFQ-H7RCm_9v.js&quot;: Invalid argument (22)
rsync: [generator] recv_generator: failed to stat &quot;/home/site/wwwroot/dist\assets\chunk-4BX2VUAB-DExaJ3XS.js&quot;: Invalid argument (22)
rsync: [generator] recv_generator: failed to stat &quot;/home/site/wwwroot/dist\assets\chunk-TZMSLE5B-f8swh9j9.js&quot;: Invalid argument (22)
rsync: [generator] recv_generator: failed to stat &quot;/home/site/wwwroot/dist\assets\classDiagram-2ON5EDUG-CpA9kvDY.js&quot;: Invalid argument (22)
rsync: [generator] recv_generator: failed to stat &quot;/home/site/wwwroot/dist\assets\diagram-QEK2KX5R-K8KydW_p.js&quot;: Invalid argument (22)
rsync: [generator] recv_generator: failed to stat &quot;/home/site/wwwroot/dist\assets\ganttDiagram-JELNMOA3-7u-GEAYm.js&quot;: Invalid argument (22)
rsync: [generator] recv_generator: failed to stat &quot;/home/site/wwwroot/dist\assets\league-gothic-Cg6O_jDX.ttf&quot;: Invalid argument (22)
rsync: [generator] recv_generator: failed to stat &quot;/home/site/wwwroot/dist\assets\source-sans-pro-italic-BRELHCij.eot&quot;: Invalid argument (22)
rsync: [generator] recv_generator: failed to stat &quot;/home/site/wwwroot/dist\assets\xychartDiagram-PRI3JC2R-D2xkEirR.js&quot;: Invalid argument (22)
rsync error: some files/attrs were not transferred (see previous errors) (code 23) at main.c(1338) [sender=3.2.7]
rsync error: some files/attrs were not transferred (see previous errors) (code 23) at main.c(1338) [sender=3.2.7]
rsync error: some files/attrs were not transferred (see previous errors) (code 23) at main.c(1338) [sender=3.2.7]
rsync: [generator] recv_generator: failed to stat &quot;/home/site/wwwroot/dist\assets\channel-BZJ6Kb47.js&quot;: Invalid argument (22)
rsync: [generator] recv_generator: failed to stat &quot;/home/site/wwwroot/dist\assets\chunk-55IACEB6-BEuDu4On.js&quot;: Invalid argument (22)
rsync: [generator] recv_generator: failed to stat &quot;/home/site/wwwroot/dist\assets\chunk-QZHKN3VN-BaQfophB.js&quot;: Invalid argument (22)
rsync: [generator] recv_generator: failed to stat &quot;/home/site/wwwroot/dist\assets\classDiagram-v2-WZHVMYZB-CpA9kvDY.js&quot;: Invalid argument (22)
rsync: [generator] recv_generator: failed to stat &quot;/home/site/wwwroot/dist\assets\cytoscape.esm-5J0xJHOV.js&quot;: Invalid argument (22)
rsync: [generator] recv_generator: failed to stat &quot;/home/site/wwwroot/dist\assets\requirementDiagram-UZGBJVZJ-Cx4ORLM-.js&quot;: Invalid argument (22)
rsync: [generator] recv_generator: failed to stat &quot;/home/site/wwwroot/dist\assets\source-sans-pro-regular-DVYRbr7L.ttf&quot;: Invalid argument (22)
rsync: [generator] recv_generator: failed to stat &quot;/home/site/wwwroot/dist\assets\source-sans-pro-semibold-DJkFd4Pg.eot&quot;: Invalid argument (22)
rsync: [generator] recv_generator: failed to stat &quot;/home/site/wwwroot/dist\assets\source-sans-pro-semibolditalic-DSkHRpvW.woff&quot;: Invalid argument (22)
rsync: [generator] recv_generator: failed to stat &quot;/home/site/wwwroot/dist\index.html&quot;: Invalid argument (22)
rsync: [generator] recv_generator: failed to stat &quot;/home/site/wwwroot/dist\assets\chunk-B4BG7PRW-CdBbYniP.js&quot;: Invalid argument (22)
rsync: [generator] recv_generator: failed to stat &quot;/home/site/wwwroot/dist\assets\chunk-QN33PNHL-O59_OMPG.js&quot;: Invalid argument (22)
rsync: [generator] recv_generator: failed to stat &quot;/home/site/wwwroot/dist\assets\index-DX6hN0jb.css&quot;: Invalid argument (22)
rsync: [generator] recv_generator: failed to stat &quot;/home/site/wwwroot/dist\assets\min-CmGAg9iK.js&quot;: Invalid argument (22)
rsync: [generator] recv_generator: failed to stat &quot;/home/site/wwwroot/dist\assets\source-sans-pro-italic-CRcsOvyS.ttf&quot;: Invalid argument (22)
rsync: [generator] recv_generator: failed to stat &quot;/home/site/wwwroot/dist\assets\source-sans-pro-italic-Cv9m8hC5.woff&quot;: Invalid argument (22)
rsync: [generator] recv_generator: failed to stat &quot;/home/site/wwwroot/dist\assets\source-sans-pro-semibold-J0UDcmCq.ttf&quot;: Invalid argument (22)
rsync: [generator] recv_generator: failed to stat &quot;/home/site/wwwroot/dist\assets\source-sans-pro-semibolditalic-DCTsihXp.eot&quot;: Invalid argument (22)
rsync: [generator] recv_generator: failed to stat &quot;/home/site/wwwroot/dist\favicon.ico&quot;: Invalid argument (22)
rsync error: some files/attrs were not transferred (see previous errors) (code 23) at main.c(1338) [sender=3.2.7]
rsync error: some files/attrs were not transferred (see previous errors) (code 23) at main.c(1338) [sender=3.2.7]
rsync error: some files/attrs were not transferred (see previous errors) (code 23) at main.c(1338) [sender=3.2.7]
/opt/Kudu/Scripts/starter.sh /opt/Kudu/Scripts/parallel_rsync.sh /tmp/zipdeploy/extracted /home/site/wwwroot 8 /tmp/ False False  " stackTrace="   at Kudu.Core.Infrastructure.Executable.ExecuteInternal(ITracer tracer, Func`2 onWriteOutput, Func`2 onWriteError, CancellationToken token, Encoding encoding, String arguments, Object[] args) in /tmp/KuduLite/Kudu.Core/Infrastructure/Executable.cs:line 239
   at Kudu.Core.Infrastructure.Executable.ExecuteWithProgressWriter(ILogger logger, ITracer tracer, CancellationToken token, String arguments, Object[] args) in /tmp/KuduLite/Kudu.Core/Infrastructure/Executable.cs:line 118
   at Kudu.Core.Deployment.Generator.ExternalCommandBuilder.RunCommand(DeploymentContext context, String command, Boolean ignoreManifest, CancellationToken token, String message) in /tmp/KuduLite/Kudu.Core/Deployment/Generator/ExternalCommandBuilder.cs:line 122" /><!-- duration: 10ms -->
                <step title="Error occurred" date="2026-01-16T11:18:50.375" type="error" text="Invalid argument : &apos;/home/site/wwwroot/dist\assets\source-sans-pro-italic-CRcsOvyS.ttf&apos;" stackTrace="   at Interop.ThrowExceptionForIoErrno(ErrorInfo errorInfo, String path, Boolean isDirError)
   at Microsoft.Win32.SafeHandles.SafeFileHandle.Open(String path, OpenFlags flags, Int32 mode, Boolean failForSymlink, Boolean&amp; wasSymlink, Func`4 createOpenException)
   at Microsoft.Win32.SafeHandles.SafeFileHandle.Open(String fullPath, FileMode mode, FileAccess access, FileShare share, FileOptions options, Int64 preallocationSize, UnixFileMode openPermissions, Int64&amp; fileLength, UnixFileMode&amp; filePermissions, Boolean failForSymlink, Boolean&amp; wasSymlink, Func`4 createOpenException)
   at System.IO.FileSystem.CopyFile(String sourceFullPath, String destFullPath, Boolean overwrite)
   at Kudu.Core.Infrastructure.FileSystemHelpers.CopyDirectoryRecursive(String sourceDirPath, String destinationDirPath, Boolean overwrite) in /tmp/KuduLite/Kudu.Core/Infrastructure/FileSystemHelpers.cs:line 239
   at Kudu.Core.Deployment.Generator.OneDeployBuilder.Build(DeploymentContext context, CancellationToken token) in /tmp/KuduLite/Kudu.Core/Deployment/Generator/OneDeployBuilder.cs:line 108
   at Kudu.Core.Deployment.DeploymentManager.Build(ChangeSet changeSet, ITracer tracer, IDisposable deployStep, IRepository repository, DeploymentInfoBase deploymentInfo, DeploymentAnalytics deploymentAnalytics, Boolean fullBuildByDefault, CancellationToken cancellationToken) in /tmp/KuduLite/Kudu.Core/Deployment/DeploymentManager.cs:line 771" /><!-- duration: 17ms -->
                <step title="Purge deployment items" date="2026-01-16T11:18:51.173" >
                  <step title="Remove b2c11cb7-, Failed, received at 01/16/2026 11:16:46" date="2026-01-16T11:18:51.253" /><!-- duration: 3ms -->
                </step><!-- duration: 91ms -->
              </step><!-- duration: 16198ms -->
            </step><!-- duration: 16391ms -->
            <step title="Error occurred" date="2026-01-16T11:18:51.291" type="error" text="Invalid argument : &apos;/home/site/wwwroot/dist\assets\source-sans-pro-italic-CRcsOvyS.ttf&apos;" stackTrace="   at Interop.ThrowExceptionForIoErrno(ErrorInfo errorInfo, String path, Boolean isDirError)
   at Microsoft.Win32.SafeHandles.SafeFileHandle.Open(String path, OpenFlags flags, Int32 mode, Boolean failForSymlink, Boolean&amp; wasSymlink, Func`4 createOpenException)
   at Microsoft.Win32.SafeHandles.SafeFileHandle.Open(String fullPath, FileMode mode, FileAccess access, FileShare share, FileOptions options, Int64 preallocationSize, UnixFileMode openPermissions, Int64&amp; fileLength, UnixFileMode&amp; filePermissions, Boolean failForSymlink, Boolean&amp; wasSymlink, Func`4 createOpenException)
   at System.IO.FileSystem.CopyFile(String sourceFullPath, String destFullPath, Boolean overwrite)
   at Kudu.Core.Infrastructure.FileSystemHelpers.CopyDirectoryRecursive(String sourceDirPath, String destinationDirPath, Boolean overwrite) in /tmp/KuduLite/Kudu.Core/Infrastructure/FileSystemHelpers.cs:line 239
   at Kudu.Core.Deployment.Generator.OneDeployBuilder.Build(DeploymentContext context, CancellationToken token) in /tmp/KuduLite/Kudu.Core/Deployment/Generator/OneDeployBuilder.cs:line 108
   at Kudu.Core.Deployment.DeploymentManager.Build(ChangeSet changeSet, ITracer tracer, IDisposable deployStep, IRepository repository, DeploymentInfoBase deploymentInfo, DeploymentAnalytics deploymentAnalytics, Boolean fullBuildByDefault, CancellationToken cancellationToken) in /tmp/KuduLite/Kudu.Core/Deployment/DeploymentManager.cs:line 771
   at Kudu.Core.Deployment.DeploymentManager.Build(ChangeSet changeSet, ITracer tracer, IDisposable deployStep, IRepository repository, DeploymentInfoBase deploymentInfo, DeploymentAnalytics deploymentAnalytics, Boolean fullBuildByDefault, CancellationToken cancellationToken) in /tmp/KuduLite/Kudu.Core/Deployment/DeploymentManager.cs:line 840" /><!-- duration: 18ms -->
            <step title="Cleaning up temp files" date="2026-01-16T11:18:51.412" /><!-- duration: 16ms -->
            <step title="Cleaning up temp files" date="2026-01-16T11:18:51.430" /><!-- duration: 523ms -->
            <step title="Error occurred" date="2026-01-16T11:18:52.055" type="error" text="Invalid argument : &apos;/home/site/wwwroot/dist\assets\source-sans-pro-italic-CRcsOvyS.ttf&apos;" stackTrace="   at Interop.ThrowExceptionForIoErrno(ErrorInfo errorInfo, String path, Boolean isDirError)
   at Microsoft.Win32.SafeHandles.SafeFileHandle.Open(String path, OpenFlags flags, Int32 mode, Boolean failForSymlink, Boolean&amp; wasSymlink, Func`4 createOpenException)
   at Microsoft.Win32.SafeHandles.SafeFileHandle.Open(String fullPath, FileMode mode, FileAccess access, FileShare share, FileOptions options, Int64 preallocationSize, UnixFileMode openPermissions, Int64&amp; fileLength, UnixFileMode&amp; filePermissions, Boolean failForSymlink, Boolean&amp; wasSymlink, Func`4 createOpenException)
   at System.IO.FileSystem.CopyFile(String sourceFullPath, String destFullPath, Boolean overwrite)
   at Kudu.Core.Infrastructure.FileSystemHelpers.CopyDirectoryRecursive(String sourceDirPath, String destinationDirPath, Boolean overwrite) in /tmp/KuduLite/Kudu.Core/Infrastructure/FileSystemHelpers.cs:line 239
   at Kudu.Core.Deployment.Generator.OneDeployBuilder.Build(DeploymentContext context, CancellationToken token) in /tmp/KuduLite/Kudu.Core/Deployment/Generator/OneDeployBuilder.cs:line 108
   at Kudu.Core.Deployment.DeploymentManager.Build(ChangeSet changeSet, ITracer tracer, IDisposable deployStep, IRepository repository, DeploymentInfoBase deploymentInfo, DeploymentAnalytics deploymentAnalytics, Boolean fullBuildByDefault, CancellationToken cancellationToken) in /tmp/KuduLite/Kudu.Core/Deployment/DeploymentManager.cs:line 771
   at Kudu.Core.Deployment.DeploymentManager.Build(ChangeSet changeSet, ITracer tracer, IDisposable deployStep, IRepository repository, DeploymentInfoBase deploymentInfo, DeploymentAnalytics deploymentAnalytics, Boolean fullBuildByDefault, CancellationToken cancellationToken) in /tmp/KuduLite/Kudu.Core/Deployment/DeploymentManager.cs:line 840
   at Kudu.Core.Deployment.DeploymentManager.DeployAsync(IRepository repository, ChangeSet changeSet, String deployer, Boolean clean, DeploymentInfoBase deploymentInfo, Boolean needFileUpdate, Boolean fullBuildByDefault) in /tmp/KuduLite/Kudu.Core/Deployment/DeploymentManager.cs:line 266" /><!-- duration: 10ms -->
          </step><!-- duration: 17318ms -->
          <step title="Reloading status file with latest updates" date="2026-01-16T11:18:52.149" >
            <step title="WebHooksManager.PublishEventAsync: PostDeployment" date="2026-01-16T11:18:52.152" /><!-- duration: 178ms -->
          </step><!-- duration: 184ms -->
          <step title="Error occurred" date="2026-01-16T11:18:52.336" type="error" text="Invalid argument : &apos;/home/site/wwwroot/dist\assets\source-sans-pro-italic-CRcsOvyS.ttf&apos;" stackTrace="   at Interop.ThrowExceptionForIoErrno(ErrorInfo errorInfo, String path, Boolean isDirError)
   at Microsoft.Win32.SafeHandles.SafeFileHandle.Open(String path, OpenFlags flags, Int32 mode, Boolean failForSymlink, Boolean&amp; wasSymlink, Func`4 createOpenException)
   at Microsoft.Win32.SafeHandles.SafeFileHandle.Open(String fullPath, FileMode mode, FileAccess access, FileShare share, FileOptions options, Int64 preallocationSize, UnixFileMode openPermissions, Int64&amp; fileLength, UnixFileMode&amp; filePermissions, Boolean failForSymlink, Boolean&amp; wasSymlink, Func`4 createOpenException)
   at System.IO.FileSystem.CopyFile(String sourceFullPath, String destFullPath, Boolean overwrite)
   at Kudu.Core.Infrastructure.FileSystemHelpers.CopyDirectoryRecursive(String sourceDirPath, String destinationDirPath, Boolean overwrite) in /tmp/KuduLite/Kudu.Core/Infrastructure/FileSystemHelpers.cs:line 239
   at Kudu.Core.Deployment.Generator.OneDeployBuilder.Build(DeploymentContext context, CancellationToken token) in /tmp/KuduLite/Kudu.Core/Deployment/Generator/OneDeployBuilder.cs:line 108
   at Kudu.Core.Deployment.DeploymentManager.Build(ChangeSet changeSet, ITracer tracer, IDisposable deployStep, IRepository repository, DeploymentInfoBase deploymentInfo, DeploymentAnalytics deploymentAnalytics, Boolean fullBuildByDefault, CancellationToken cancellationToken) in /tmp/KuduLite/Kudu.Core/Deployment/DeploymentManager.cs:line 771
   at Kudu.Core.Deployment.DeploymentManager.Build(ChangeSet changeSet, ITracer tracer, IDisposable deployStep, IRepository repository, DeploymentInfoBase deploymentInfo, DeploymentAnalytics deploymentAnalytics, Boolean fullBuildByDefault, CancellationToken cancellationToken) in /tmp/KuduLite/Kudu.Core/Deployment/DeploymentManager.cs:line 840
   at Kudu.Core.Deployment.DeploymentManager.DeployAsync(IRepository repository, ChangeSet changeSet, String deployer, Boolean clean, DeploymentInfoBase deploymentInfo, Boolean needFileUpdate, Boolean fullBuildByDefault) in /tmp/KuduLite/Kudu.Core/Deployment/DeploymentManager.cs:line 266" /><!-- duration: 5ms -->
          <step title="Marking deployment as failed and cleaning up the temp deployment" date="2026-01-16T11:18:52.415" /><!-- duration: 2ms -->
        </step><!-- duration: 19352ms -->
      </step><!-- duration: 19373ms -->
      <step title="Error occurred" date="2026-01-16T11:18:52.595" type="error" text="Deployment failed" stackTrace="   at Kudu.Core.Deployment.DeploymentManager.DeployAsync(IRepository repository, ChangeSet changeSet, String deployer, Boolean clean, DeploymentInfoBase deploymentInfo, Boolean needFileUpdate, Boolean fullBuildByDefault) in /tmp/KuduLite/Kudu.Core/Deployment/DeploymentManager.cs:line 307
   at Kudu.Core.Deployment.FetchDeploymentManager.PerformDeployment(DeploymentInfoBase deploymentInfo, IDisposable tempDeployment, ChangeSet tempChangeSet, DeployStatusApiResult updateStatusObj) in /tmp/KuduLite/Kudu.Core/Deployment/FetchDeploymentManager.cs:line 230
   at Kudu.Core.Deployment.FetchDeploymentManager.&lt;&gt;c__DisplayClass17_0.&lt;&lt;FetchDeploy&gt;b__0&gt;d.MoveNext() in /tmp/KuduLite/Kudu.Core/Deployment/FetchDeploymentManager.cs:line 131
--- End of stack trace from previous location ---
   at Kudu.Core.Deployment.FetchDeploymentManager.FetchDeploy(DeploymentInfoBase deployInfo, Boolean asyncRequested, Uri requestUri, String targetBranch) in /tmp/KuduLite/Kudu.Core/Deployment/FetchDeploymentManager.cs:line 124
   at Kudu.Services.Deployment.PushDeploymentController.PushDeployAsync(ArtifactDeploymentInfo deploymentInfo, Boolean isAsync, HttpContext context, JObject requestJson) in /tmp/KuduLite/Kudu.Services/Deployment/PushDeploymentController.cs:line 802
   at Kudu.Services.Deployment.PushDeploymentController.OneDeploy(String type, Boolean async, String path, Nullable`1 restart, Nullable`1 clean, Boolean ignoreStack, Boolean trackDeploymentProgress, Boolean trackStatus, Boolean reset) in /tmp/KuduLite/Kudu.Services/Deployment/PushDeploymentController.cs:line 624
   at Microsoft.AspNetCore.Mvc.Infrastructure.ActionMethodExecutor.TaskOfIActionResultExecutor.Execute(ActionContext actionContext, IActionResultTypeMapper mapper, ObjectMethodExecutor executor, Object controller, Object[] arguments)
   at Microsoft.AspNetCore.Mvc.Infrastructure.ControllerActionInvoker.&lt;InvokeActionMethodAsync&gt;g__Awaited|12_0(ControllerActionInvoker invoker, ValueTask`1 actionResultValueTask)
   at Microsoft.AspNetCore.Mvc.Infrastructure.ControllerActionInvoker.&lt;InvokeNextActionFilterAsync&gt;g__Awaited|10_0(ControllerActionInvoker invoker, Task lastTask, State next, Scope scope, Object state, Boolean isCompleted)
   at Microsoft.AspNetCore.Mvc.Infrastructure.ControllerActionInvoker.Rethrow(ActionExecutedContextSealed context)
   at Microsoft.AspNetCore.Mvc.Infrastructure.ControllerActionInvoker.Next(State&amp; next, Scope&amp; scope, Object&amp; state, Boolean&amp; isCompleted)
   at Microsoft.AspNetCore.Mvc.Infrastructure.ControllerActionInvoker.&lt;InvokeInnerFilterAsync&gt;g__Awaited|13_0(ControllerActionInvoker invoker, Task lastTask, State next, Scope scope, Object state, Boolean isCompleted)
   at Microsoft.AspNetCore.Mvc.Infrastructure.ResourceInvoker.&lt;InvokeNextResourceFilter&gt;g__Awaited|25_0(ResourceInvoker invoker, Task lastTask, State next, Scope scope, Object state, Boolean isCompleted)
   at Microsoft.AspNetCore.Mvc.Infrastructure.ResourceInvoker.Rethrow(ResourceExecutedContextSealed context)
   at Microsoft.AspNetCore.Mvc.Infrastructure.ResourceInvoker.Next(State&amp; next, Scope&amp; scope, Object&amp; state, Boolean&amp; isCompleted)
   at Microsoft.AspNetCore.Mvc.Infrastructure.ResourceInvoker.&lt;InvokeFilterPipelineAsync&gt;g__Awaited|20_0(ResourceInvoker invoker, Task lastTask, State next, Scope scope, Object state, Boolean isCompleted)
   at Microsoft.AspNetCore.Mvc.Infrastructure.ResourceInvoker.&lt;InvokeAsync&gt;g__Awaited|17_0(ResourceInvoker invoker, Task task, IDisposable scope)
   at Microsoft.AspNetCore.Mvc.Infrastructure.ResourceInvoker.&lt;InvokeAsync&gt;g__Awaited|17_0(ResourceInvoker invoker, Task task, IDisposable scope)
   at Microsoft.AspNetCore.Builder.RouterMiddleware.Invoke(HttpContext httpContext)
   at Kudu.Services.Web.Tracing.TraceMiddleware.Invoke(HttpContext context) in /tmp/KuduLite/Kudu.Services.Web/Tracing/TraceMiddleware.cs:line 101" innerText="Invalid argument : &apos;/home/site/wwwroot/dist\assets\source-sans-pro-italic-CRcsOvyS.ttf&apos;" innerStackTrace="   at Interop.ThrowExceptionForIoErrno(ErrorInfo errorInfo, String path, Boolean isDirError)
   at Microsoft.Win32.SafeHandles.SafeFileHandle.Open(String path, OpenFlags flags, Int32 mode, Boolean failForSymlink, Boolean&amp; wasSymlink, Func`4 createOpenException)
   at Microsoft.Win32.SafeHandles.SafeFileHandle.Open(String fullPath, FileMode mode, FileAccess access, FileShare share, FileOptions options, Int64 preallocationSize, UnixFileMode openPermissions, Int64&amp; fileLength, UnixFileMode&amp; filePermissions, Boolean failForSymlink, Boolean&amp; wasSymlink, Func`4 createOpenException)
   at System.IO.FileSystem.CopyFile(String sourceFullPath, String destFullPath, Boolean overwrite)
   at Kudu.Core.Infrastructure.FileSystemHelpers.CopyDirectoryRecursive(String sourceDirPath, String destinationDirPath, Boolean overwrite) in /tmp/KuduLite/Kudu.Core/Infrastructure/FileSystemHelpers.cs:line 239
   at Kudu.Core.Deployment.Generator.OneDeployBuilder.Build(DeploymentContext context, CancellationToken token) in /tmp/KuduLite/Kudu.Core/Deployment/Generator/OneDeployBuilder.cs:line 108
   at Kudu.Core.Deployment.DeploymentManager.Build(ChangeSet changeSet, ITracer tracer, IDisposable deployStep, IRepository repository, DeploymentInfoBase deploymentInfo, DeploymentAnalytics deploymentAnalytics, Boolean fullBuildByDefault, CancellationToken cancellationToken) in /tmp/KuduLite/Kudu.Core/Deployment/DeploymentManager.cs:line 771
   at Kudu.Core.Deployment.DeploymentManager.Build(ChangeSet changeSet, ITracer tracer, IDisposable deployStep, IRepository repository, DeploymentInfoBase deploymentInfo, DeploymentAnalytics deploymentAnalytics, Boolean fullBuildByDefault, CancellationToken cancellationToken) in /tmp/KuduLite/Kudu.Core/Deployment/DeploymentManager.cs:line 840
   at Kudu.Core.Deployment.DeploymentManager.DeployAsync(IRepository repository, ChangeSet changeSet, String deployer, Boolean clean, DeploymentInfoBase deploymentInfo, Boolean needFileUpdate, Boolean fullBuildByDefault) in /tmp/KuduLite/Kudu.Core/Deployment/DeploymentManager.cs:line 266" /><!-- duration: 9ms -->
      <step title="Incoming Request" date="2026-01-16T11:18:52.644" url="/Error?type=zip&amp;async=False" method="POST" type="request" pid="835,1,18" Accept="*/*" Host="app-landing-page-pro.scm.azurewebsites.net" User-Agent="AZURECLI/2.80.0 (MSI)" Accept-Encoding="gzip, deflate" Authorization="Bea..." Cache-Control="no-cache" Content-Type="application/octet-stream" Cookie="ARRAffinity=7d4ee311498b261eb996c3c5566ae5bbd227759952a6214551a3ab4312f134f3; ARRAffinitySameSite=7d4ee311498b261eb996c3c5566ae5bbd227759952a6214551a3ab4312f134f3" Content-Length="3144066" x-ms-client-request-id="0d60c6c4-f2cd-11f0-8612-c4cb76967773" x-ms-artifact-checksum="fa4fa77369ff90ce1abf75273c8a9b3b9922a732809c5ee43b578d49f0f78adc" X-ARR-LOG-ID="0d60c6c4-f2cd-11f0-8612-c4cb76967773" CLIENT-IP="112.148.9.211:5568" X-SITE-DEPLOYMENT-ID="app-landing-page-pro" WAS-DEFAULT-HOSTNAME="app-landing-page-pro.scm.azurewebsites.net" X-Forwarded-Proto="https" X-AppService-Proto="https" X-Forwarded-TlsVersion="1.3" X-WAWS-Unencoded-URL="/api/publish?type=zip&amp;async=False" X-Client-IP="112.148.9.211" X-Client-Port="5568" >
        <step title="Outgoing response" date="2026-01-16T11:18:52.702" type="response" statusCode="400" statusText="BadRequest" /><!-- duration: 7ms -->
      </step><!-- duration: 68ms -->
