<step title="Incoming Request" date="2026-01-16T11:21:36.468" instance="7d4ee3" url="/api/zipdeploy?isAsync=true" method="POST" type="request" pid="835,1,7" Accept="*/*" Host="app-landing-page-pro.scm.azurewebsites.net" User-Agent="AZURECLI/2.80.0 (MSI)" Accept-Encoding="gzip, deflate" Authorization="Bea..." Cache-Control="no-cache" Content-Type="application/octet-stream" Content-Length="3144123" x-ms-client-request-id="80690244-f2cd-11f0-8e46-c4cb76967773" x-ms-artifact-checksum="93deec270c4da5c024897c2680c090642025970773cb90bb0178243d7342e9e2" X-ARR-LOG-ID="80690244-f2cd-11f0-8e46-c4cb76967773" CLIENT-IP="112.148.9.211:9507" X-SITE-DEPLOYMENT-ID="app-landing-page-pro" WAS-DEFAULT-HOSTNAME="app-landing-page-pro.scm.azurewebsites.net" X-Forwarded-Proto="https" X-AppService-Proto="https" X-Forwarded-TlsVersion="1.3" X-WAWS-Unencoded-URL="/api/zipdeploy?isAsync=true" X-Client-IP="112.148.9.211" X-Client-Port="9507" >
  <step title="Cleanup Xml Logs" date="2026-01-16T11:21:36.487" /><!-- duration: 73ms -->
  <step title="ZipPushDeploy" date="2026-01-16T11:21:36.656" >
    <step title="ZipDeploy. Extract zip." date="2026-01-16T11:21:36.685" /><!-- duration: 21ms -->
    <step title="Starting PushDeployAsync" date="2026-01-16T11:21:36.715" /><!-- duration: 19ms -->
    <step title="Writing artifact to /tmp/zipdeploy/a791fd3b-4647-40f2-802b-9461428afc02.zip" date="2026-01-16T11:21:36.769" >
      <step title="Writing multipart request body to /tmp/zipdeploy/a791fd3b-4647-40f2-802b-9461428afc02.zip" date="2026-01-16T11:21:36.780" /><!-- duration: 9ms -->
    </step><!-- duration: 293ms -->
    <step title="Start deployment in the background" date="2026-01-16T11:21:37.120" >
      <step title="Acquiring Deployment Lock" date="2026-01-16T11:21:37.177" /><!-- duration: 20ms -->
      <step title="Acquired Deployment Lock" date="2026-01-16T11:21:37.292" /><!-- duration: 18ms -->
    </step><!-- duration: 426ms -->
  </step><!-- duration: 901ms -->
  <step title="Outgoing response" date="2026-01-16T11:21:37.569" type="response" statusCode="202" statusText="Accepted" /><!-- duration: 27ms -->
</step><!-- duration: 1159ms -->
