<step title="BackgroundTrace" date="2026-01-16T11:12:24.496" instance="7d4ee3" url="/api/publish" method="POST" >
  <step title="Cleanup Xml Logs" date="2026-01-16T11:12:24.505" /><!-- duration: 6ms -->
  <step title="Creating temporary deployment - FetchDeploymentManager" date="2026-01-16T11:12:24.574" /><!-- duration: 3ms -->
  <step title="Creating temporary deployment" date="2026-01-16T11:12:24.580" /><!-- duration: 74ms -->
  <step title="Performing fetch based deployment" date="2026-01-16T11:12:24.712" >
    <step title="Cleaning up temp folders from previous zip deployments and extracting pushed zip file /tmp/zipdeploy/2018d2f6-6bd4-4488-99da-4ddaa26bb8d5.zip (7.41 MB) to /tmp/zipdeploy/extracted" date="2026-01-16T11:12:25.869" /><!-- duration: 9091ms -->
    <step title="Deployment timer started" date="2026-01-16T11:12:36.988" >
      <step title="DeploymentManager.Deploy(id:f508ddb8-d4f9-43bb-941a-bc95efe1055f)" date="2026-01-16T11:12:37.002" >
        <step title="Collecting changeset information" date="2026-01-16T11:12:37.010" /><!-- duration: 90ms -->
        <step title="Updating submodules" date="2026-01-16T11:12:37.103" /><!-- duration: 1128ms -->
        <step title="Determining deployment builder" date="2026-01-16T11:12:38.800" >
          <step title="Builder is OneDeployBuilder" date="2026-01-16T11:12:38.830" /><!-- duration: 3ms -->
        </step><!-- duration: 40ms -->
        <step title="PreDeployment: context.CleanOutputPath False" date="2026-01-16T11:12:38.897" >
          <step title="PreDeployment: context.OutputPath /home/site/wwwroot" date="2026-01-16T11:12:39.061" >
            <step title="Building" date="2026-01-16T11:12:39.202" >
              <step title="Executing external process" date="2026-01-16T11:12:39.751" type="process" path="starter.sh" arguments="/opt/Kudu/Scripts/parallel_rsync.sh /tmp/zipdeploy/extracted /home/site/wwwroot 8 /tmp/ False False  " /><!-- duration: 863ms -->
              <step title="Modified file to trigger a restart of the app container." date="2026-01-16T11:12:41.044" /><!-- duration: 2ms -->
              <step title="Skip function trigger and logicapp sync because function is not enabled." date="2026-01-16T11:12:41.053" /><!-- duration: 10ms -->
            </step><!-- duration: 2839ms -->
          </step><!-- duration: 2985ms -->
          <step title="Cleaning up temp files" date="2026-01-16T11:12:42.048" /><!-- duration: 3ms -->
          <step title="Cleaning up temp files" date="2026-01-16T11:12:42.068" /><!-- duration: 512ms -->
          <step title="Reloading status file with latest updates" date="2026-01-16T11:12:42.598" >
            <step title="WebHooksManager.PublishEventAsync: PostDeployment" date="2026-01-16T11:12:42.601" /><!-- duration: 54ms -->
          </step><!-- duration: 59ms -->
          <step title="Cleaning up temporary deployment - fetch deployment was successful" date="2026-01-16T11:12:42.661" /><!-- duration: 2ms -->
        </step><!-- duration: 3834ms -->
      </step><!-- duration: 5741ms -->
