<step title="Incoming Request" date="2026-01-15T17:10:49.117" instance="7d4ee3" url="/api/publish?type=zip&amp;async=True" method="POST" type="request" pid="833,1,35" Accept="*/*" Host="app-landing-page-pro.scm.azurewebsites.net" User-Agent="AZURECLI/2.80.0 (MSI)" Accept-Encoding="gzip, deflate" Authorization="Bea..." Cache-Control="no-cache" Content-Type="application/octet-stream" Cookie="ARRAffinity=7d4ee311498b261eb996c3c5566ae5bbd227759952a6214551a3ab4312f134f3; ARRAffinitySameSite=7d4ee311498b261eb996c3c5566ae5bbd227759952a6214551a3ab4312f134f3" Content-Length="7772160" x-ms-client-request-id="1ace08e4-f235-11f0-a7d0-c4cb76967773" x-ms-artifact-checksum="785482493777cc43d719335686b9eb8adfb709659bb57a7b8894c0109e19a81d" X-ARR-LOG-ID="1ace08e4-f235-11f0-a7d0-c4cb76967773" CLIENT-IP="112.148.9.211:8790" X-SITE-DEPLOYMENT-ID="app-landing-page-pro" WAS-DEFAULT-HOSTNAME="app-landing-page-pro.scm.azurewebsites.net" X-Forwarded-Proto="https" X-AppService-Proto="https" X-Forwarded-TlsVersion="1.3" X-WAWS-Unencoded-URL="/api/publish?type=zip&amp;async=True" X-Client-IP="112.148.9.211" X-Client-Port="8790" >
  <step title="OneDeploy" date="2026-01-15T17:10:49.190" >
    <step title="Starting PushDeployAsync" date="2026-01-15T17:10:49.203" /><!-- duration: 3ms -->
    <step title="Writing artifact to /tmp/zipdeploy/a90c7318-f5c7-44cb-918d-0eab6325dea8.zip" date="2026-01-15T17:10:49.231" >
      <step title="Writing multipart request body to /tmp/zipdeploy/a90c7318-f5c7-44cb-918d-0eab6325dea8.zip" date="2026-01-15T17:10:49.309" /><!-- duration: 13ms -->
    </step><!-- duration: 1345ms -->
    <step title="Start deployment in the background" date="2026-01-15T17:10:50.585" >
      <step title="Acquiring Deployment Lock" date="2026-01-15T17:10:50.615" /><!-- duration: 2ms -->
      <step title="Acquired Deployment Lock" date="2026-01-15T17:10:50.649" /><!-- duration: 3ms -->
    </step><!-- duration: 159ms -->
  </step><!-- duration: 1571ms -->
  <step title="Outgoing response" date="2026-01-15T17:10:50.782" type="response" statusCode="202" statusText="Accepted" /><!-- duration: 2ms -->
</step><!-- duration: 1668ms -->
