<step title="Incoming Request" date="2026-01-16T11:33:28.204" instance="7d4ee3" url="/api/zipdeploy?isAsync=true" method="POST" type="request" pid="833,1,5" Accept="*/*" Host="app-landing-page-pro.scm.azurewebsites.net" User-Agent="AZURECLI/2.80.0 (MSI)" Accept-Encoding="gzip, deflate" Authorization="Bea..." Cache-Control="no-cache" Content-Type="application/octet-stream" Content-Length="3830857" x-ms-client-request-id="28988bb3-f2cf-11f0-a549-c4cb76967773" x-ms-artifact-checksum="6748532e0b81bf4fc9b84f624ddf9704aaa8b0283bb9438dfa1b0cc1f0e42cad" X-ARR-LOG-ID="28988bb3-f2cf-11f0-a549-c4cb76967773" CLIENT-IP="112.148.9.211:12618" X-SITE-DEPLOYMENT-ID="app-landing-page-pro" WAS-DEFAULT-HOSTNAME="app-landing-page-pro.scm.azurewebsites.net" X-Forwarded-Proto="https" X-AppService-Proto="https" X-Forwarded-TlsVersion="1.3" X-WAWS-Unencoded-URL="/api/zipdeploy?isAsync=true" X-Client-IP="112.148.9.211" X-Client-Port="12618" >
  <step title="ZipPushDeploy" date="2026-01-16T11:33:28.908" >
    <step title="ZipDeploy. Extract zip." date="2026-01-16T11:33:28.916" /><!-- duration: 2ms -->
    <step title="None repository commit" date="2026-01-16T11:33:28.925" >
      <step title="Commit id: af463330-47f6-4989-9e7e-2962d077d7fe" date="2026-01-16T11:33:28.927" Message="N/A" AuthorName="N/A" AuthorEmail="N/A" /><!-- duration: 2ms -->
    </step><!-- duration: 6ms -->
    <step title="Starting PushDeployAsync" date="2026-01-16T11:33:28.933" /><!-- duration: 2ms -->
    <step title="Writing artifact to /tmp/zipdeploy/294042e6-5c87-4d06-93e6-ece3fb8a275b.zip" date="2026-01-16T11:33:28.979" >
      <step title="Writing multipart request body to /tmp/zipdeploy/294042e6-5c87-4d06-93e6-ece3fb8a275b.zip" date="2026-01-16T11:33:28.994" /><!-- duration: 9ms -->
    </step><!-- duration: 216ms -->
    <step title="Start deployment in the background" date="2026-01-16T11:33:29.212" >
      <step title="Acquiring Deployment Lock" date="2026-01-16T11:33:29.251" /><!-- duration: 2ms -->
      <step title="Acquired Deployment Lock" date="2026-01-16T11:33:29.287" /><!-- duration: 2ms -->
    </step><!-- duration: 145ms -->
  </step><!-- duration: 459ms -->
  <step title="Outgoing response" date="2026-01-16T11:33:29.401" type="response" statusCode="202" statusText="Accepted" /><!-- duration: 3ms -->
</step><!-- duration: 1201ms -->
