<step title="Incoming Request" date="2026-01-16T11:35:32.053" instance="7d4ee3" url="/api/zipdeploy?isAsync=true" method="POST" type="request" pid="833,1,5" Accept="*/*" Host="app-landing-page-pro.scm.azurewebsites.net" User-Agent="AZURECLI/2.80.0 (MSI)" Accept-Encoding="gzip, deflate" Authorization="Bea..." Cache-Control="no-cache" Content-Type="application/octet-stream" Content-Length="3830857" x-ms-client-request-id="72c1f128-f2cf-11f0-8d39-c4cb76967773" x-ms-artifact-checksum="4e96a6c51d047fe105870b752731f329145e0204d2ff66aa7b4356532ea401e3" X-ARR-LOG-ID="72c1f128-f2cf-11f0-8d39-c4cb76967773" CLIENT-IP="112.148.9.211:8506" X-SITE-DEPLOYMENT-ID="app-landing-page-pro" WAS-DEFAULT-HOSTNAME="app-landing-page-pro.scm.azurewebsites.net" X-Forwarded-Proto="https" X-AppService-Proto="https" X-Forwarded-TlsVersion="1.3" X-WAWS-Unencoded-URL="/api/zipdeploy?isAsync=true" X-Client-IP="112.148.9.211" X-Client-Port="8506" >
  <step title="Cleanup Xml Logs" date="2026-01-16T11:35:32.081" /><!-- duration: 48ms -->
  <step title="ZipPushDeploy" date="2026-01-16T11:35:32.175" >
    <step title="ZipDeploy. Extract zip." date="2026-01-16T11:35:32.178" /><!-- duration: 1ms -->
    <step title="Starting PushDeployAsync" date="2026-01-16T11:35:32.184" /><!-- duration: 25ms -->
    <step title="Writing artifact to /tmp/zipdeploy/8f1300d8-35c1-468f-a9f5-3f148a91f500.zip" date="2026-01-16T11:35:32.234" >
      <step title="Writing multipart request body to /tmp/zipdeploy/8f1300d8-35c1-468f-a9f5-3f148a91f500.zip" date="2026-01-16T11:35:32.242" /><!-- duration: 87ms -->
    </step><!-- duration: 386ms -->
    <step title="Start deployment in the background" date="2026-01-16T11:35:32.638" >
      <step title="Acquiring Deployment Lock" date="2026-01-16T11:35:32.648" /><!-- duration: 18ms -->
      <step title="Acquired Deployment Lock" date="2026-01-16T11:35:32.705" /><!-- duration: 7ms -->
    </step><!-- duration: 181ms -->
  </step><!-- duration: 652ms -->
  <step title="Outgoing response" date="2026-01-16T11:35:32.836" type="response" statusCode="202" statusText="Accepted" /><!-- duration: 7ms -->
</step><!-- duration: 792ms -->
