<step title="Incoming Request" date="2026-01-16T11:46:32.698" instance="7d4ee3" url="/api/zipdeploy?isAsync=true" method="POST" type="request" pid="833,1,7" Accept="*/*" Host="app-landing-page-pro.scm.azurewebsites.net" User-Agent="AZURECLI/2.80.0 (MSI)" Accept-Encoding="gzip, deflate" Authorization="Bea..." Cache-Control="no-cache" Content-Type="application/octet-stream" Content-Length="3897780" x-ms-client-request-id="fc27eb14-f2d0-11f0-9951-c4cb76967773" x-ms-artifact-checksum="6a6849f08690dbd51953208ee3a5bed05bd81b129926a552835eefd5b9d621dc" X-ARR-LOG-ID="fc27eb14-f2d0-11f0-9951-c4cb76967773" CLIENT-IP="112.148.9.211:11610" X-SITE-DEPLOYMENT-ID="app-landing-page-pro" WAS-DEFAULT-HOSTNAME="app-landing-page-pro.scm.azurewebsites.net" X-Forwarded-Proto="https" X-AppService-Proto="https" X-Forwarded-TlsVersion="1.3" X-WAWS-Unencoded-URL="/api/zipdeploy?isAsync=true" X-Client-IP="112.148.9.211" X-Client-Port="11610" >
  <step title="Cleanup Xml Logs" date="2026-01-16T11:46:32.701" >
    <step title="Cleanup Infos" date="2026-01-16T11:46:32.756" totalFiles="238" totalCleanup="78" /><!-- duration: 3ms -->
  </step><!-- duration: 63ms -->
  <step title="ZipPushDeploy" date="2026-01-16T11:46:32.782" >
    <step title="ZipDeploy. Extract zip." date="2026-01-16T11:46:32.793" /><!-- duration: 2ms -->
    <step title="Starting PushDeployAsync" date="2026-01-16T11:46:32.806" /><!-- duration: 4ms -->
    <step title="Writing artifact to /tmp/zipdeploy/a8c077ea-9a76-4c32-ab33-15ba049b21c5.zip" date="2026-01-16T11:46:32.819" >
      <step title="Writing multipart request body to /tmp/zipdeploy/a8c077ea-9a76-4c32-ab33-15ba049b21c5.zip" date="2026-01-16T11:46:32.828" /><!-- duration: 12ms -->
    </step><!-- duration: 160ms -->
    <step title="Start deployment in the background" date="2026-01-16T11:46:32.990" >
      <step title="Acquiring Deployment Lock" date="2026-01-16T11:46:32.997" /><!-- duration: 2ms -->
      <step title="Acquired Deployment Lock" date="2026-01-16T11:46:33.021" /><!-- duration: 2ms -->
    </step><!-- duration: 89ms -->
  </step><!-- duration: 298ms -->
  <step title="Outgoing response" date="2026-01-16T11:46:33.083" type="response" statusCode="202" statusText="Accepted" /><!-- duration: 6ms -->
</step><!-- duration: 392ms -->
