<step title="BackgroundTrace" date="2026-01-16T11:21:37.151" instance="7d4ee3" url="/api/zipdeploy" method="POST" >
  <step title="Creating temporary deployment - FetchDeploymentManager" date="2026-01-16T11:21:37.319" /><!-- duration: 17ms -->
  <step title="Creating temporary deployment" date="2026-01-16T11:21:37.357" /><!-- duration: 152ms -->
  <step title="Performing fetch based deployment" date="2026-01-16T11:21:37.683" >
    <step title="Cleaning up temp folders from previous zip deployments and extracting pushed zip file /tmp/zipdeploy/a791fd3b-4647-40f2-802b-9461428afc02.zip (3.00 MB) to /tmp/zipdeploy/extracted" date="2026-01-16T11:21:39.145" >
      <step title="ChmodRecursive Process exited with total time taken in ms: 103" date="2026-01-16T11:21:40.304" /><!-- duration: 37ms -->
    </step><!-- duration: 1208ms -->
    <step title="Deployment timer started" date="2026-01-16T11:21:42.402" >
      <step title="DeploymentManager.Deploy(id:8d0258e4-b701-4df4-8624-599ef175748f)" date="2026-01-16T11:21:42.530" >
        <step title="Collecting changeset information" date="2026-01-16T11:21:42.642" /><!-- duration: 263ms -->
        <step title="Updating submodules" date="2026-01-16T11:21:42.926" /><!-- duration: 1641ms -->
        <step title="Determining deployment builder" date="2026-01-16T11:21:44.926" >
          <step title="Builder is BasicBuilder" date="2026-01-16T11:21:44.944" /><!-- duration: 7ms -->
        </step><!-- duration: 56ms -->
        <step title="PreDeployment: context.CleanOutputPath False" date="2026-01-16T11:21:45.057" >
          <step title="PreDeployment: context.OutputPath /home/site/wwwroot" date="2026-01-16T11:21:45.272" >
            <step title="Building" date="2026-01-16T11:21:45.601" >
              <step title="Executing external process" date="2026-01-16T11:21:47.420" type="process" path="starter.sh" arguments="/opt/Kudu/Scripts/parallel_rsync.sh /tmp/zipdeploy/extracted /home/site/wwwroot 8 /tmp/ False True  " >
                <step title="Process dump" date="2026-01-16T11:22:02.403" exitCode="123" type="processOutput" /><!-- duration: 48ms -->
              </step><!-- duration: 15098ms -->
              <step title="Error occurred" date="2026-01-16T11:22:02.656" type="error" text="rsync: [generator] recv_generator: failed to stat &quot;/home/site/wwwroot/dist\assets\channel-BZJ6Kb47.js&quot;: Invalid argument (22)
rsync: [generator] recv_generator: failed to stat &quot;/home/site/wwwroot/dist\assets\chunk-55IACEB6-BEuDu4On.js&quot;: Invalid argument (22)
rsync: [generator] recv_generator: failed to stat &quot;/home/site/wwwroot/dist\assets\chunk-QZHKN3VN-BaQfophB.js&quot;: Invalid argument (22)
rsync: [generator] recv_generator: failed to stat &quot;/home/site/wwwroot/dist\assets\classDiagram-v2-WZHVMYZB-CpA9kvDY.js&quot;: Invalid argument (22)
rsync: [generator] recv_generator: failed to stat &quot;/home/site/wwwroot/dist\assets\cytoscape.esm-5J0xJHOV.js&quot;: Invalid argument (22)
rsync: [generator] recv_generator: failed to stat &quot;/home/site/wwwroot/dist\assets\requirementDiagram-UZGBJVZJ-Cx4ORLM-.js&quot;: Invalid argument (22)
rsync: [generator] recv_generator: failed to stat &quot;/home/site/wwwroot/dist\assets\source-sans-pro-regular-DVYRbr7L.ttf&quot;: Invalid argument (22)
rsync: [generator] recv_generator: failed to stat &quot;/home/site/wwwroot/dist\assets\source-sans-pro-semibold-DJkFd4Pg.eot&quot;: Invalid argument (22)
rsync: [generator] recv_generator: failed to stat &quot;/home/site/wwwroot/dist\assets\source-sans-pro-semibolditalic-DSkHRpvW.woff&quot;: Invalid argument (22)
rsync: [generator] recv_generator: failed to stat &quot;/home/site/wwwroot/dist\index.html&quot;: Invalid argument (22)
rsync: [generator] recv_generator: failed to stat &quot;/home/site/wwwroot/dist\assets\clone-DohMwSOy.js&quot;: Invalid argument (22)
rsync: [generator] recv_generator: failed to stat &quot;/home/site/wwwroot/dist\assets\diagram-PSM6KHXK-BWRfE-7q.js&quot;: Invalid argument (22)
rsync: [generator] recv_generator: failed to stat &quot;/home/site/wwwroot/dist\assets\erDiagram-Q2GNP2WA-B-o--YkO.js&quot;: Invalid argument (22)
rsync: [generator] recv_generator: failed to stat &quot;/home/site/wwwroot/dist\assets\_baseUniq-KmPnAyKP.js&quot;: Invalid argument (22)
rsync: [generator] recv_generator: failed to stat &quot;/home/site/wwwroot/dist\assets\arc-XUMfe5VI.js&quot;: Invalid argument (22)
rsync: [generator] recv_generator: failed to stat &quot;/home/site/wwwroot/dist\assets\__vite-browser-external-BIHI7g3E.js&quot;: Invalid argument (22)
rsync: [generator] recv_generator: failed to stat &quot;/home/site/wwwroot/dist\assets\dagre-6UL2VRFP-B-X5fLDB.js&quot;: Invalid argument (22)
rsync: [generator] recv_generator: failed to stat &quot;/home/site/wwwroot/dist\assets\gitGraphDiagram-NY62KEGX-mDQqT0t5.js&quot;: Invalid argument (22)
rsync: [generator] recv_generator: failed to stat &quot;/home/site/wwwroot/dist\assets\index-BXP3E17j.js&quot;: Invalid argument (22)
rsync: [generator] recv_generator: failed to stat &quot;/home/site/wwwroot/dist\assets\league-gothic-CHd505-u.eot&quot;: Invalid argument (22)
rsync: [generator] recv_generator: failed to stat &quot;/home/site/wwwroot/dist\assets\sequenceDiagram-WL72ISMW-DjNUsMGN.js&quot;: Invalid argument (22)
rsync: [generator] recv_generator: failed to stat &quot;/home/site/wwwroot/dist\assets\source-sans-pro-semibold-DwriEDPf.woff&quot;: Invalid argument (22)
rsync: [generator] recv_generator: failed to stat &quot;/home/site/wwwroot/dist\assets\stateDiagram-FKZM4ZOC-DWBdR7_7.js&quot;: Invalid argument (22)
rsync: [generator] recv_generator: failed to stat &quot;/home/site/wwwroot/dist\assets\stateDiagram-v2-4FDKWEC3-CAKjH3W5.js&quot;: Invalid argument (22)
rsync error: some files/attrs were not transferred (see previous errors) (code 23) at main.c(1338) [sender=3.2.7]
rsync: [generator] recv_generator: failed to stat &quot;/home/site/wwwroot/dist\assets\chunk-B4BG7PRW-CdBbYniP.js&quot;: Invalid argument (22)
rsync: [generator] recv_generator: failed to stat &quot;/home/site/wwwroot/dist\assets\chunk-QN33PNHL-O59_OMPG.js&quot;: Invalid argument (22)
rsync: [generator] recv_generator: failed to stat &quot;/home/site/wwwroot/dist\assets\index-DX6hN0jb.css&quot;: Invalid argument (22)
rsync: [generator] recv_generator: failed to stat &quot;/home/site/wwwroot/dist\assets\min-CmGAg9iK.js&quot;: Invalid argument (22)
rsync: [generator] recv_generator: failed to stat &quot;/home/site/wwwroot/dist\assets\source-sans-pro-italic-CRcsOvyS.ttf&quot;: Invalid argument (22)
rsync: [generator] recv_generator: failed to stat &quot;/home/site/wwwroot/dist\assets\source-sans-pro-italic-Cv9m8hC5.woff&quot;: Invalid argument (22)
rsync: [generator] recv_generator: failed to stat &quot;/home/site/wwwroot/dist\assets\source-sans-pro-semibold-J0UDcmCq.ttf&quot;: Invalid argument (22)
rsync: [generator] recv_generator: failed to stat &quot;/home/site/wwwroot/dist\assets\source-sans-pro-semibolditalic-DCTsihXp.eot&quot;: Invalid argument (22)
rsync: [generator] recv_generator: failed to stat &quot;/home/site/wwwroot/dist\favicon.ico&quot;: Invalid argument (22)
rsync: [generator] recv_generator: failed to stat &quot;/home/site/wwwroot/dist\assets\blockDiagram-VD42YOAC-DcFIQTZq.js&quot;: Invalid argument (22)
rsync: [generator] recv_generator: failed to stat &quot;/home/site/wwwroot/dist\assets\c4Diagram-YG6GDRKO-BLQL9rLu.js&quot;: Invalid argument (22)
rsync: [generator] recv_generator: failed to stat &quot;/home/site/wwwroot/dist\assets\chunk-FMBD7UC4-DJNsBBDT.js&quot;: Invalid argument (22)
rsync: [generator] recv_generator: failed to stat &quot;/home/site/wwwroot/dist\assets\diagram-S2PKOQOG-DlI2vW2m.js&quot;: Invalid argument (22)
rsync: [generator] recv_generator: failed to stat &quot;/home/site/wwwroot/dist\assets\graph-CYqw1HM5.js&quot;: Invalid argument (22)
rsync: [generator] recv_generator: failed to stat &quot;/home/site/wwwroot/dist\assets\mindmap-definition-VGOIOE7T-BHIAoIxt.js&quot;: Invalid argument (22)
rsync: [generator] recv_generator: failed to stat &quot;/home/site/wwwroot/dist\assets\sankeyDiagram-TZEHDZUN-CHOwpNrq.js&quot;: Invalid argument (22)
rsync: [generator] recv_generator: failed to stat &quot;/home/site/wwwroot/dist\assets\source-sans-pro-regular-Du6DMqU5.woff&quot;: Invalid argument (22)
rsync: [generator] recv_generator: failed to stat &quot;/home/site/wwwroot/dist\assets\architectureDiagram-VXUJARFQ-H7RCm_9v.js&quot;: Invalid argument (22)
rsync: [generator] recv_generator: failed to stat &quot;/home/site/wwwroot/dist\assets\chunk-4BX2VUAB-DExaJ3XS.js&quot;: Invalid argument (22)
rsync: [generator] recv_generator: failed to stat &quot;/home/site/wwwroot/dist\assets\chunk-TZMSLE5B-f8swh9j9.js&quot;: Invalid argument (22)
rsync: [generator] recv_generator: failed to stat &quot;/home/site/wwwroot/dist\assets\classDiagram-2ON5EDUG-CpA9kvDY.js&quot;: Invalid argument (22)
rsync: [generator] recv_generator: failed to stat &quot;/home/site/wwwroot/dist\assets\diagram-QEK2KX5R-K8KydW_p.js&quot;: Invalid argument (22)
rsync: [generator] recv_generator: failed to stat &quot;/home/site/wwwroot/dist\assets\ganttDiagram-JELNMOA3-7u-GEAYm.js&quot;: Invalid argument (22)
rsync: [generator] recv_generator: failed to stat &quot;/home/site/wwwroot/dist\assets\league-gothic-Cg6O_jDX.ttf&quot;: Invalid argument (22)
rsync: [generator] recv_generator: failed to stat &quot;/home/site/wwwroot/dist\assets\source-sans-pro-italic-BRELHCij.eot&quot;: Invalid argument (22)
rsync: [generator] recv_generator: failed to stat &quot;/home/site/wwwroot/dist\assets\xychartDiagram-PRI3JC2R-D2xkEirR.js&quot;: Invalid argument (22)
rsync: [generator] recv_generator: failed to stat &quot;/home/site/wwwroot/dist\assets\hero-illustration-BopuXrxI.jpg&quot;: Invalid argument (22)
rsync: [generator] recv_generator: failed to stat &quot;/home/site/wwwroot/dist\assets\katex-XbL3y5x-.js&quot;: Invalid argument (22)
rsync: [generator] recv_generator: failed to stat &quot;/home/site/wwwroot/dist\assets\pieDiagram-ADFJNKIX-fNjGcPjn.js&quot;: Invalid argument (22)
rsync: [generator] recv_generator: failed to stat &quot;/home/site/wwwroot/dist\assets\source-sans-pro-regular-C8xAf4ue.eot&quot;: Invalid argument (22)
rsync: [generator] recv_generator: failed to stat &quot;/home/site/wwwroot/dist\assets\source-sans-pro-semibolditalic-BHQoOnJ8.ttf&quot;: Invalid argument (22)
rsync: [generator] recv_generator: failed to stat &quot;/home/site/wwwroot/dist\assets\treemap-KMMF4GRG-BAlVGnq-.js&quot;: Invalid argument (22)
rsync: [generator] recv_generator: failed to stat &quot;/home/site/wwwroot/dist\placeholder.svg&quot;: Invalid argument (22)
rsync: [generator] recv_generator: failed to stat &quot;/home/site/wwwroot/dist\assets\journeyDiagram-XKPGCS4Q-_ZeExwIv.js&quot;: Invalid argument (22)
rsync: [generator] recv_generator: failed to stat &quot;/home/site/wwwroot/dist\assets\league-gothic-DDFhcAD7.woff&quot;: Invalid argument (22)
rsync error: some files/attrs were not transferred (see previous errors) (code 23) at main.c(1338) [sender=3.2.7]
rsync error: some files/attrs were not transferred (see previous errors) (code 23) at main.c(1338) [sender=3.2.7]
rsync: [generator] recv_generator: failed to stat &quot;/home/site/wwwroot/dist\assets\chunk-DI55MBZ5-Sefhqyra.js&quot;: Invalid argument (22)
rsync: [generator] recv_generator: failed to stat &quot;/home/site/wwwroot/dist\assets\cose-bilkent-S5V4N54A-BYMQX658.js&quot;: Invalid argument (22)
rsync: [generator] recv_generator: failed to stat &quot;/home/site/wwwroot/dist\assets\flowDiagram-NV44I4VS-CVbU0YGk.js&quot;: Invalid argument (22)
rsync: [generator] recv_generator: failed to stat &quot;/home/site/wwwroot/dist\assets\infoDiagram-WHAUD3N6-Bi5D2GpG.js&quot;: Invalid argument (22)
rsync: [generator] recv_generator: failed to stat &quot;/home/site/wwwroot/dist\assets\kanban-definition-3W4ZIXB7-B701GV8Z.js&quot;: Invalid argument (22)
rsync: [generator] recv_generator: failed to stat &quot;/home/site/wwwroot/dist\assets\layout-B5BrZyxz.js&quot;: Invalid argument (22)
rsync: [generator] recv_generator: failed to stat &quot;/home/site/wwwroot/dist\assets\quadrantDiagram-AYHSOK5B-B39s4Z7o.js&quot;: Invalid argument (22)
rsync: [generator] recv_generator: failed to stat &quot;/home/site/wwwroot/dist\assets\timeline-definition-IT6M3QCI-CV-Liy-U.js&quot;: Invalid argument (22)
rsync: [generator] recv_generator: failed to stat &quot;/home/site/wwwroot/dist\logo.svg&quot;: Invalid argument (22)
rsync: [generator] recv_generator: failed to stat &quot;/home/site/wwwroot/dist\robots.txt&quot;: Invalid argument (22)
rsync error: some files/attrs were not transferred (see previous errors) (code 23) at main.c(1338) [sender=3.2.7]
rsync: [generator] recv_generator: failed to stat &quot;/home/site/wwwroot/dist\assets\_baseUniq-KmPnAyKP.js&quot;: Invalid argument (22)
rsync: [generator] recv_generator: failed to stat &quot;/home/site/wwwroot/dist\assets\arc-XUMfe5VI.js&quot;: Invalid argument (22)
rsync: [generator] recv_generator: failed to stat &quot;/home/site/wwwroot/dist\assets\blockDiagram-VD42YOAC-DcFIQTZq.js&quot;: Invalid argument (22)
rsync: [generator] recv_generator: failed to stat &quot;/home/site/wwwroot/dist\assets\c4Diagram-YG6GDRKO-BLQL9rLu.js&quot;: Invalid argument (22)
rsync: [generator] recv_generator: failed to stat &quot;/home/site/wwwroot/dist\assets\chunk-FMBD7UC4-DJNsBBDT.js&quot;: Invalid argument (22)
rsync: [generator] recv_generator: failed to stat &quot;/home/site/wwwroot/dist\assets\diagram-S2PKOQOG-DlI2vW2m.js&quot;: Invalid argument (22)
rsync: [generator] recv_generator: failed to stat &quot;/home/site/wwwroot/dist\assets\graph-CYqw1HM5.js&quot;: Invalid argument (22)
rsync: [generator] recv_generator: failed to stat &quot;/home/site/wwwroot/dist\assets\mindmap-definition-VGOIOE7T-BHIAoIxt.js&quot;: Invalid argument (22)
rsync: [generator] recv_generator: failed to stat &quot;/home/site/wwwroot/dist\assets\sankeyDiagram-TZEHDZUN-CHOwpNrq.js&quot;: Invalid argument (22)
rsync: [generator] recv_generator: failed to stat &quot;/home/site/wwwroot/dist\assets\source-sans-pro-regular-Du6DMqU5.woff&quot;: Invalid argument (22)
rsync error: some files/attrs were not transferred (see previous errors) (code 23) at main.c(1338) [sender=3.2.7]
rsync error: some files/attrs were not transferred (see previous errors) (code 23) at main.c(1338) [sender=3.2.7]
rsync error: some files/attrs were not transferred (see previous errors) (code 23) at main.c(1338) [sender=3.2.7]
rsync error: some files/attrs were not transferred (see previous errors) (code 23) at main.c(1338) [sender=3.2.7]
rsync error: some files/attrs were not transferred (see previous errors) (code 23) at main.c(1338) [sender=3.2.7]
rsync: [generator] recv_generator: failed to stat &quot;/home/site/wwwroot/dist\assets\architectureDiagram-VXUJARFQ-H7RCm_9v.js&quot;: Invalid argument (22)
rsync: [generator] recv_generator: failed to stat &quot;/home/site/wwwroot/dist\assets\chunk-4BX2VUAB-DExaJ3XS.js&quot;: Invalid argument (22)
rsync: [generator] recv_generator: failed to stat &quot;/home/site/wwwroot/dist\assets\chunk-TZMSLE5B-f8swh9j9.js&quot;: Invalid argument (22)
rsync: [generator] recv_generator: failed to stat &quot;/home/site/wwwroot/dist\assets\classDiagram-2ON5EDUG-CpA9kvDY.js&quot;: Invalid argument (22)
rsync: [generator] recv_generator: failed to stat &quot;/home/site/wwwroot/dist\assets\diagram-QEK2KX5R-K8KydW_p.js&quot;: Invalid argument (22)
rsync: [generator] recv_generator: failed to stat &quot;/home/site/wwwroot/dist\assets\ganttDiagram-JELNMOA3-7u-GEAYm.js&quot;: Invalid argument (22)
rsync: [generator] recv_generator: failed to stat &quot;/home/site/wwwroot/dist\assets\league-gothic-Cg6O_jDX.ttf&quot;: Invalid argument (22)
rsync: [generator] recv_generator: failed to stat &quot;/home/site/wwwroot/dist\assets\source-sans-pro-italic-BRELHCij.eot&quot;: Invalid argument (22)
rsync: [generator] recv_generator: failed to stat &quot;/home/site/wwwroot/dist\assets\xychartDiagram-PRI3JC2R-D2xkEirR.js&quot;: Invalid argument (22)
rsync: [generator] recv_generator: failed to stat &quot;/home/site/wwwroot/dist\assets\channel-BZJ6Kb47.js&quot;: Invalid argument (22)
rsync: [generator] recv_generator: failed to stat &quot;/home/site/wwwroot/dist\assets\chunk-55IACEB6-BEuDu4On.js&quot;: Invalid argument (22)
rsync: [generator] recv_generator: failed to stat &quot;/home/site/wwwroot/dist\assets\chunk-QZHKN3VN-BaQfophB.js&quot;: Invalid argument (22)
rsync: [generator] recv_generator: failed to stat &quot;/home/site/wwwroot/dist\assets\classDiagram-v2-WZHVMYZB-CpA9kvDY.js&quot;: Invalid argument (22)
rsync: [generator] recv_generator: failed to stat &quot;/home/site/wwwroot/dist\assets\cytoscape.esm-5J0xJHOV.js&quot;: Invalid argument (22)
rsync: [generator] recv_generator: failed to stat &quot;/home/site/wwwroot/dist\assets\requirementDiagram-UZGBJVZJ-Cx4ORLM-.js&quot;: Invalid argument (22)
rsync: [generator] recv_generator: failed to stat &quot;/home/site/wwwroot/dist\assets\source-sans-pro-regular-DVYRbr7L.ttf&quot;: Invalid argument (22)
rsync: [generator] recv_generator: failed to stat &quot;/home/site/wwwroot/dist\assets\source-sans-pro-semibold-DJkFd4Pg.eot&quot;: Invalid argument (22)
rsync: [generator] recv_generator: failed to stat &quot;/home/site/wwwroot/dist\assets\source-sans-pro-semibolditalic-DSkHRpvW.woff&quot;: Invalid argument (22)
rsync: [generator] recv_generator: failed to stat &quot;/home/site/wwwroot/dist\index.html&quot;: Invalid argument (22)
rsync: [generator] recv_generator: failed to stat &quot;/home/site/wwwroot/dist\assets\clone-DohMwSOy.js&quot;: Invalid argument (22)
rsync: [generator] recv_generator: failed to stat &quot;/home/site/wwwroot/dist\assets\diagram-PSM6KHXK-BWRfE-7q.js&quot;: Invalid argument (22)
rsync: [generator] recv_generator: failed to stat &quot;/home/site/wwwroot/dist\assets\erDiagram-Q2GNP2WA-B-o--YkO.js&quot;: Invalid argument (22)
rsync: [generator] recv_generator: failed to stat &quot;/home/site/wwwroot/dist\assets\hero-illustration-BopuXrxI.jpg&quot;: Invalid argument (22)
rsync: [generator] recv_generator: failed to stat &quot;/home/site/wwwroot/dist\assets\katex-XbL3y5x-.js&quot;: Invalid argument (22)
rsync: [generator] recv_generator: failed to stat &quot;/home/site/wwwroot/dist\assets\pieDiagram-ADFJNKIX-fNjGcPjn.js&quot;: Invalid argument (22)
rsync: [generator] recv_generator: failed to stat &quot;/home/site/wwwroot/dist\assets\source-sans-pro-regular-C8xAf4ue.eot&quot;: Invalid argument (22)
rsync: [generator] recv_generator: failed to stat &quot;/home/site/wwwroot/dist\assets\source-sans-pro-semibolditalic-BHQoOnJ8.ttf&quot;: Invalid argument (22)
rsync: [generator] recv_generator: failed to stat &quot;/home/site/wwwroot/dist\assets\treemap-KMMF4GRG-BAlVGnq-.js&quot;: Invalid argument (22)
rsync: [generator] recv_generator: failed to stat &quot;/home/site/wwwroot/dist\placeholder.svg&quot;: Invalid argument (22)
rsync: [generator] recv_generator: failed to stat &quot;/home/site/wwwroot/dist\assets\journeyDiagram-XKPGCS4Q-_ZeExwIv.js&quot;: Invalid argument (22)
rsync: [generator] recv_generator: failed to stat &quot;/home/site/wwwroot/dist\assets\league-gothic-DDFhcAD7.woff&quot;: Invalid argument (22)
rsync: [generator] recv_generator: failed to stat &quot;/home/site/wwwroot/dist\assets\__vite-browser-external-BIHI7g3E.js&quot;: Invalid argument (22)
rsync: [generator] recv_generator: failed to stat &quot;/home/site/wwwroot/dist\assets\dagre-6UL2VRFP-B-X5fLDB.js&quot;: Invalid argument (22)
rsync: [generator] recv_generator: failed to stat &quot;/home/site/wwwroot/dist\assets\gitGraphDiagram-NY62KEGX-mDQqT0t5.js&quot;: Invalid argument (22)
rsync: [generator] recv_generator: failed to stat &quot;/home/site/wwwroot/dist\assets\index-BXP3E17j.js&quot;: Invalid argument (22)
rsync: [generator] recv_generator: failed to stat &quot;/home/site/wwwroot/dist\assets\league-gothic-CHd505-u.eot&quot;: Invalid argument (22)
rsync: [generator] recv_generator: failed to stat &quot;/home/site/wwwroot/dist\assets\sequenceDiagram-WL72ISMW-DjNUsMGN.js&quot;: Invalid argument (22)
rsync: [generator] recv_generator: failed to stat &quot;/home/site/wwwroot/dist\assets\source-sans-pro-semibold-DwriEDPf.woff&quot;: Invalid argument (22)
rsync: [generator] recv_generator: failed to stat &quot;/home/site/wwwroot/dist\assets\stateDiagram-FKZM4ZOC-DWBdR7_7.js&quot;: Invalid argument (22)
rsync: [generator] recv_generator: failed to stat &quot;/home/site/wwwroot/dist\assets\stateDiagram-v2-4FDKWEC3-CAKjH3W5.js&quot;: Invalid argument (22)
rsync: [generator] recv_generator: failed to stat &quot;/home/site/wwwroot/dist\assets\chunk-DI55MBZ5-Sefhqyra.js&quot;: Invalid argument (22)
rsync: [generator] recv_generator: failed to stat &quot;/home/site/wwwroot/dist\assets\cose-bilkent-S5V4N54A-BYMQX658.js&quot;: Invalid argument (22)
rsync: [generator] recv_generator: failed to stat &quot;/home/site/wwwroot/dist\assets\flowDiagram-NV44I4VS-CVbU0YGk.js&quot;: Invalid argument (22)
rsync: [generator] recv_generator: failed to stat &quot;/home/site/wwwroot/dist\assets\infoDiagram-WHAUD3N6-Bi5D2GpG.js&quot;: Invalid argument (22)
rsync: [generator] recv_generator: failed to stat &quot;/home/site/wwwroot/dist\assets\kanban-definition-3W4ZIXB7-B701GV8Z.js&quot;: Invalid argument (22)
rsync: [generator] recv_generator: failed to stat &quot;/home/site/wwwroot/dist\assets\layout-B5BrZyxz.js&quot;: Invalid argument (22)
rsync: [generator] recv_generator: failed to stat &quot;/home/site/wwwroot/dist\assets\quadrantDiagram-AYHSOK5B-B39s4Z7o.js&quot;: Invalid argument (22)
rsync: [generator] recv_generator: failed to stat &quot;/home/site/wwwroot/dist\assets\timeline-definition-IT6M3QCI-CV-Liy-U.js&quot;: Invalid argument (22)
rsync: [generator] recv_generator: failed to stat &quot;/home/site/wwwroot/dist\logo.svg&quot;: Invalid argument (22)
rsync: [generator] recv_generator: failed to stat &quot;/home/site/wwwroot/dist\robots.txt&quot;: Invalid argument (22)
rsync: [generator] recv_generator: failed to stat &quot;/home/site/wwwroot/dist\assets\chunk-B4BG7PRW-CdBbYniP.js&quot;: Invalid argument (22)
rsync error: some files/attrs were not transferred (see previous errors) (code 23) at main.c(1338) [sender=3.2.7]
rsync: [generator] recv_generator: failed to stat &quot;/home/site/wwwroot/dist\assets\chunk-QN33PNHL-O59_OMPG.js&quot;: Invalid argument (22)
rsync: [generator] recv_generator: failed to stat &quot;/home/site/wwwroot/dist\assets\index-DX6hN0jb.css&quot;: Invalid argument (22)
rsync: [generator] recv_generator: failed to stat &quot;/home/site/wwwroot/dist\assets\min-CmGAg9iK.js&quot;: Invalid argument (22)
rsync: [generator] recv_generator: failed to stat &quot;/home/site/wwwroot/dist\assets\source-sans-pro-italic-CRcsOvyS.ttf&quot;: Invalid argument (22)
rsync: [generator] recv_generator: failed to stat &quot;/home/site/wwwroot/dist\assets\source-sans-pro-italic-Cv9m8hC5.woff&quot;: Invalid argument (22)
rsync: [generator] recv_generator: failed to stat &quot;/home/site/wwwroot/dist\assets\source-sans-pro-semibold-J0UDcmCq.ttf&quot;: Invalid argument (22)
rsync: [generator] recv_generator: failed to stat &quot;/home/site/wwwroot/dist\assets\source-sans-pro-semibolditalic-DCTsihXp.eot&quot;: Invalid argument (22)
rsync: [generator] recv_generator: failed to stat &quot;/home/site/wwwroot/dist\favicon.ico&quot;: Invalid argument (22)
rsync error: some files/attrs were not transferred (see previous errors) (code 23) at main.c(1338) [sender=3.2.7]
rsync error: some files/attrs were not transferred (see previous errors) (code 23) at main.c(1338) [sender=3.2.7]
rsync error: some files/attrs were not transferred (see previous errors) (code 23) at main.c(1338) [sender=3.2.7]
rsync error: some files/attrs were not transferred (see previous errors) (code 23) at main.c(1338) [sender=3.2.7]
rsync error: some files/attrs were not transferred (see previous errors) (code 23) at main.c(1338) [sender=3.2.7]
rsync error: some files/attrs were not transferred (see previous errors) (code 23) at main.c(1338) [sender=3.2.7]
/opt/Kudu/Scripts/starter.sh /opt/Kudu/Scripts/parallel_rsync.sh /tmp/zipdeploy/extracted /home/site/wwwroot 8 /tmp/ False True  " stackTrace="   at Kudu.Core.Infrastructure.Executable.ExecuteInternal(ITracer tracer, Func`2 onWriteOutput, Func`2 onWriteError, CancellationToken token, Encoding encoding, String arguments, Object[] args) in /tmp/KuduLite/Kudu.Core/Infrastructure/Executable.cs:line 239
   at Kudu.Core.Infrastructure.Executable.ExecuteWithProgressWriter(ILogger logger, ITracer tracer, CancellationToken token, String arguments, Object[] args) in /tmp/KuduLite/Kudu.Core/Infrastructure/Executable.cs:line 118
   at Kudu.Core.Deployment.Generator.ExternalCommandBuilder.RunCommand(DeploymentContext context, String command, Boolean ignoreManifest, CancellationToken token, String message) in /tmp/KuduLite/Kudu.Core/Deployment/Generator/ExternalCommandBuilder.cs:line 122" /><!-- duration: 37ms -->
              <step title="Warning" date="2026-01-16T11:22:02.805" type="warning" text="Exception in parallel rsync: ExitCode: 123, Output: Run rsync from: /tmp/zipdeploy/extracted/ to: /home/site/wwwroot/ in 8 parallel threads
Delete options: clean=False, use manifest=True, directory to ignore=
Prev manifest = /home/site/deployments/f508ddb8-d4f9-43bb-941a-bc95efe1055f/manifest and next /home/site/deployments/8d0258e4-b701-4df4-8624-599ef175748f/manifest
Cleaning up /tmp//filelist.txt and /tmp//splits
Creating a list of all files at /tmp//filelist.txt
No directory to exclude.
Created /tmp//filelist.txt. Total number of files to be synced = 72.
Created batches from the list of files. Processing 10 files in each thread
Running rsync for filelist /tmp//splits/split.aa from /tmp/zipdeploy/extracted/ to /home/site/wwwroot/
Running rsync for filelist /tmp//splits/split.ad from /tmp/zipdeploy/extracted/ to /home/site/wwwroot/
Running rsync for filelist /tmp//splits/split.ab from /tmp/zipdeploy/extracted/ to /home/site/wwwroot/
Running rsync for filelist /tmp//splits/split.ae from /tmp/zipdeploy/extracted/ to /home/site/wwwroot/
Running rsync for filelist /tmp//splits/split.ac from /tmp/zipdeploy/extracted/ to /home/site/wwwroot/
Running rsync for filelist /tmp//splits/split.af from /tmp/zipdeploy/extracted/ to /home/site/wwwroot/
Running rsync for filelist /tmp//splits/split.ag from /tmp/zipdeploy/extracted/ to /home/site/wwwroot/
Running rsync for filelist /tmp//splits/split.ah from /tmp/zipdeploy/extracted/ to /home/site/wwwroot/

Number of files: 10 (reg: 10)
Number of created files: 0
Number of deleted files: 0
Number of regular files transferred: 0
Total file size: 950.81K bytes
Total transferred file size: 0 bytes
Literal data: 0 bytes
Matched data: 0 bytes
File list size: 0
File list generation time: 0.168 seconds
File list transfer time: 0.000 seconds
Total bytes sent: 454
Total bytes received: 12

sent 454 bytes  received 12 bytes  932.00 bytes/sec
total size is 950.81K  speedup is 2,040.36
Attempt 1: Rsync for filelist /tmp//splits/split.ae completed with exit code 23

Number of files: 10 (reg: 10)
Number of created files: 0
Number of deleted files: 0
Number of regular files transferred: 0
Total file size: 324.93K bytes
Total transferred file size: 0 bytes
Literal data: 0 bytes
Matched data: 0 bytes
File list size: 0
File list generation time: 0.028 seconds
File list transfer time: 0.000 seconds
Total bytes sent: 451
Total bytes received: 12

sent 451 bytes  received 12 bytes  926.00 bytes/sec
total size is 324.93K  speedup is 701.79
Attempt 1: Rsync for filelist /tmp//splits/split.ab completed with exit code 23

Number of files: 10 (reg: 10)
Number of created files: 0
Number of deleted files: 0
Number of regular files transferred: 0
Total file size: 1.42M bytes
Total transferred file size: 0 bytes
Literal data: 0 bytes
Matched data: 0 bytes
File list size: 0
File list generation time: 0.248 seconds
File list transfer time: 0.000 seconds
Total bytes sent: 463
Total bytes received: 15

sent 463 bytes  received 15 bytes  956.00 bytes/sec
total size is 1.42M  speedup is 2,978.05
Attempt 1: Rsync for filelist /tmp//splits/split.aa completed with exit code 23

Number of files: 10 (reg: 10)
Number of created files: 0
Number of deleted files: 0
Number of regular files transferred: 0
Total file size: 1.13M bytes
Total transferred file size: 0 bytes
Literal data: 0 bytes
Matched data: 0 bytes
File list size: 0
File list generation time: 0.001 seconds
File list transfer time: 0.000 seconds
Total bytes sent: 461
Total bytes received: 12

sent 461 bytes  received 12 bytes  315.33 bytes/sec
total size is 1.13M  speedup is 2,386.73

Number of files: 10 (reg: 10)
Number of created files: 0
Number of deleted files: 0
Number of regular files transferred: 1
Total file size: 392.87K bytes
Total transferred file size: 4.35K bytes
Literal data: 4.35K bytes
Matched data: 0 bytes
File list size: 0
File list generation time: 0.001 seconds
File list transfer time: 0.000 seconds
Total bytes sent: 1.98K
Total bytes received: 31

sent 1.98K bytes  received 31 bytes  1.34K bytes/sec
total size is 392.87K  speedup is 195.36
Attempt 1: Rsync for filelist /tmp//splits/split.ac completed with exit code 23

Number of files: 2 (reg: 2)
Number of created files: 0
Number of deleted files: 0
Number of regular files transferred: 0
Total file size: 54.27K bytes
Total transferred file size: 0 bytes
Literal data: 0 bytes
Matched data: 0 bytes
File list size: 0
File list generation time: 0.001 seconds
File list transfer time: 0.000 seconds
Total bytes sent: 179
Total bytes received: 12

sent 179 bytes  received 12 bytes  127.33 bytes/sec
total size is 54.27K  speedup is 284.14
Attempt 1: Rsync for filelist /tmp//splits/split.ah completed with exit code 23
Attempt 1: Rsync for filelist /tmp//splits/split.ad completed with exit code 23

Number of files: 10 (reg: 10)
Number of created files: 0
Number of deleted files: 0
Number of regular files transferred: 1
Total file size: 3.67M bytes
Total transferred file size: 615 bytes
Literal data: 615 bytes
Matched data: 0 bytes
File list size: 0
File list generation time: 0.002 seconds
File list transfer time: 0.000 seconds
Total bytes sent: 867
Total bytes received: 31

sent 867 bytes  received 31 bytes  598.67 bytes/sec
total size is 3.67M  speedup is 4,088.01
Attempt 1: Rsync for filelist /tmp//splits/split.af completed with exit code 23

Number of files: 10 (reg: 10)
Number of created files: 0
Number of deleted files: 0
Number of regular files transferred: 0
Total file size: 287.00K bytes
Total transferred file size: 0 bytes
Literal data: 0 bytes
Matched data: 0 bytes
File list size: 0
File list generation time: 0.085 seconds
File list transfer time: 0.000 seconds
Total bytes sent: 472
Total bytes received: 12

sent 472 bytes  received 12 bytes  968.00 bytes/sec
total size is 287.00K  speedup is 592.98
Attempt 1: Rsync for filelist /tmp//splits/split.ag completed with exit code 23

Number of files: 10 (reg: 10)
Number of created files: 0
Number of deleted files: 0
Number of regular files transferred: 0
Total file size: 324.93K bytes
Total transferred file size: 0 bytes
Literal data: 0 bytes
Matched data: 0 bytes
File list size: 0
File list generation time: 0.020 seconds
File list transfer time: 0.000 seconds
Total bytes sent: 451
Total bytes received: 12

sent 451 bytes  received 12 bytes  926.00 bytes/sec
total size is 324.93K  speedup is 701.79
Attempt 2: Rsync for filelist /tmp//splits/split.ab completed with exit code 23

Number of files: 10 (reg: 10)
Number of created files: 0
Number of deleted files: 0
Number of regular files transferred: 0
Total file size: 392.87K bytes
Total transferred file size: 0 bytes
Literal data: 0 bytes
Matched data: 0 bytes
File list size: 0
File list generation time: 0.069 seconds
File list transfer time: 0.000 seconds
Total bytes sent: 480
Total bytes received: 15

sent 480 bytes  received 15 bytes  330.00 bytes/sec
total size is 392.87K  speedup is 793.67

Number of files: 10 (reg: 10)
Attempt 2: Rsync for filelist /tmp//splits/split.ac completed with exit code 23
Number of created files: 0
Number of deleted files: 0
Number of regular files transferred: 0
Total file size: 950.81K bytes
Total transferred file size: 0 bytes
Literal data: 0 bytes
Matched data: 0 bytes
File list size: 0
File list generation time: 0.508 seconds
File list transfer time: 0.000 seconds
Total bytes sent: 454
Total bytes received: 12

sent 454 bytes  received 12 bytes  310.67 bytes/sec
total size is 950.81K  speedup is 2,040.36
Attempt 2: Rsync for filelist /tmp//splits/split.ae completed with exit code 23

Number of files: 10 (reg: 10)
Number of created files: 0
Number of deleted files: 0
Number of regular files transferred: 0
Total file size: 1.13M bytes
Total transferred file size: 0 bytes
Literal data: 0 bytes
Matched data: 0 bytes
File list size: 0
File list generation time: 0.110 seconds
File list transfer time: 0.000 seconds
Total bytes sent: 461
Total bytes received: 12

sent 461 bytes  received 12 bytes  315.33 bytes/sec
total size is 1.13M  speedup is 2,386.73

Number of files: 10 (reg: 10)
Number of created files: 0
Number of deleted files: 0
Number of regular files transferred: 0
Total file size: 3.67M bytes
Total transferred file size: 0 bytes
Literal data: 0 bytes
Matched data: 0 bytes
File list size: 0
File list generation time: 0.001 seconds
File list transfer time: 0.000 seconds
Total bytes sent: 470
Total bytes received: 15

sent 470 bytes  received 15 bytes  970.00 bytes/sec
total size is 3.67M  speedup is 7,569.14

Number of files: 10 (reg: 10)
Number of created files: 0
Number of deleted files: 0
Number of regular files transferred: 0
Total file size: 287.00K bytes
Total transferred file size: 0 bytes
Literal data: 0 bytes
Matched data: 0 bytes
File list size: 0
File list generation time: 0.018 seconds
File list transfer time: 0.000 seconds
Total bytes sent: 472
Total bytes received: 12

sent 472 bytes  received 12 bytes  322.67 bytes/sec
total size is 287.00K  speedup is 592.98
Attempt 2: Rsync for filelist /tmp//splits/split.ag completed with exit code 23
Attempt 2: Rsync for filelist /tmp//splits/split.af completed with exit code 23

Number of files: 2 (reg: 2)
Number of created files: 0
Number of deleted files: 0
Number of regular files transferred: 0
Total file size: 54.27K bytes
Total transferred file size: 0 bytes
Literal data: 0 bytes
Matched data: 0 bytes
File list size: 0
File list generation time: 0.001 seconds
File list transfer time: 0.000 seconds
Total bytes sent: 179
Total bytes received: 12

sent 179 bytes  received 12 bytes  127.33 bytes/sec
total size is 54.27K  speedup is 284.14
Attempt 2: Rsync for filelist /tmp//splits/split.ah completed with exit code 23
Attempt 2: Rsync for filelist /tmp//splits/split.ad completed with exit code 23

Number of files: 10 (reg: 10)
Number of created files: 0
Number of deleted files: 0
Number of regular files transferred: 0
Total file size: 1.42M bytes
Total transferred file size: 0 bytes
Literal data: 0 bytes
Matched data: 0 bytes
File list size: 0
File list generation time: 0.074 seconds
File list transfer time: 0.000 seconds
Total bytes sent: 463
Total bytes received: 15

sent 463 bytes  received 15 bytes  318.67 bytes/sec
total size is 1.42M  speedup is 2,978.05
Attempt 2: Rsync for filelist /tmp//splits/split.aa completed with exit code 23
An error has occurred during web site deployment.
Rsync failed in 3 seconds, Error: rsync: [generator] recv_generator: failed to stat &quot;/home/site/wwwroot/dist\assets\channel-BZJ6Kb47.js&quot;: Invalid argument (22)
rsync: [generator] recv_generator: failed to stat &quot;/home/site/wwwroot/dist\assets\chunk-55IACEB6-BEuDu4On.js&quot;: Invalid argument (22)
rsync: [generator] recv_generator: failed to stat &quot;/home/site/wwwroot/dist\assets\chunk-QZHKN3VN-BaQfophB.js&quot;: Invalid argument (22)
rsync: [generator] recv_generator: failed to stat &quot;/home/site/wwwroot/dist\assets\classDiagram-v2-WZHVMYZB-CpA9kvDY.js&quot;: Invalid argument (22)
rsync: [generator] recv_generator: failed to stat &quot;/home/site/wwwroot/dist\assets\cytoscape.esm-5J0xJHOV.js&quot;: Invalid argument (22)
rsync: [generator] recv_generator: failed to stat &quot;/home/site/wwwroot/dist\assets\requirementDiagram-UZGBJVZJ-Cx4ORLM-.js&quot;: Invalid argument (22)
rsync: [generator] recv_generator: failed to stat &quot;/home/site/wwwroot/dist\assets\source-sans-pro-regular-DVYRbr7L.ttf&quot;: Invalid argument (22)
rsync: [generator] recv_generator: failed to stat &quot;/home/site/wwwroot/dist\assets\source-sans-pro-semibold-DJkFd4Pg.eot&quot;: Invalid argument (22)
rsync: [generator] recv_generator: failed to stat &quot;/home/site/wwwroot/dist\assets\source-sans-pro-semibolditalic-DSkHRpvW.woff&quot;: Invalid argument (22)
rsync: [generator] recv_generator: failed to stat &quot;/home/site/wwwroot/dist\index.html&quot;: Invalid argument (22)
rsync: [generator] recv_generator: failed to stat &quot;/home/site/wwwroot/dist\assets\clone-DohMwSOy.js&quot;: Invalid argument (22)
rsync: [generator] recv_generator: failed to stat &quot;/home/site/wwwroot/dist\assets\diagram-PSM6KHXK-BWRfE-7q.js&quot;: Invalid argument (22)
rsync: [generator] recv_generator: failed to stat &quot;/home/site/wwwroot/dist\assets\erDiagram-Q2GNP2WA-B-o--YkO.js&quot;: Invalid argument (22)
rsync: [generator] recv_generator: failed to stat &quot;/home/site/wwwroot/dist\assets\_baseUniq-KmPnAyKP.js&quot;: Invalid argument (22)
rsync: [generator] recv_generator: failed to stat &quot;/home/site/wwwroot/dist\assets\arc-XUMfe5VI.js&quot;: Invalid argument (22)
rsync: [generator] recv_generator: failed to stat &quot;/home/site/wwwroot/dist\assets\__vite-browser-external-BIHI7g3E.js&quot;: Invalid argument (22)
rsync: [generator] recv_generator: failed to stat &quot;/home/site/wwwroot/dist\assets\dagre-6UL2VRFP-B-X5fLDB.js&quot;: Invalid argument (22)
rsync: [generator] recv_generator: failed to stat &quot;/home/site/wwwroot/dist\assets\gitGraphDiagram-NY62KEGX-mDQqT0t5.js&quot;: Invalid argument (22)
rsync: [generator] recv_generator: failed to stat &quot;/home/site/wwwroot/dist\assets\index-BXP3E17j.js&quot;: Invalid argument (22)
rsync: [generator] recv_generator: failed to stat &quot;/home/site/wwwroot/dist\assets\league-gothic-CHd505-u.eot&quot;: Invalid argument (22)
rsync: [generator] recv_generator: failed to stat &quot;/home/site/wwwroot/dist\assets\sequenceDiagram-WL72ISMW-DjNUsMGN.js&quot;: Invalid argument (22)
rsync: [generator] recv_generator: failed to stat &quot;/home/site/wwwroot/dist\assets\source-sans-pro-semibold-DwriEDPf.woff&quot;: Invalid argument (22)
rsync: [generator] recv_generator: failed to stat &quot;/home/site/wwwroot/dist\assets\stateDiagram-FKZM4ZOC-DWBdR7_7.js&quot;: Invalid argument (22)
rsync: [generator] recv_generator: failed to stat &quot;/home/site/wwwroot/dist\assets\stateDiagram-v2-4FDKWEC3-CAKjH3W5.js&quot;: Invalid argument (22)
rsync error: some files/attrs were not transferred (see previous errors) (code 23) at main.c(1338) [sender=3.2.7]
rsync: [generator] recv_generator: failed to stat &quot;/home/site/wwwroot/dist\assets\chunk-B4BG7PRW-CdBbYniP.js&quot;: Invalid argument (22)
rsync: [generator] recv_generator: failed to stat &quot;/home/site/wwwroot/dist\assets\chunk-QN33PNHL-O59_OMPG.js&quot;: Invalid argument (22)
rsync: [generator] recv_generator: failed to stat &quot;/home/site/wwwroot/dist\assets\index-DX6hN0jb.css&quot;: Invalid argument (22)
rsync: [generator] recv_generator: failed to stat &quot;/home/site/wwwroot/dist\assets\min-CmGAg9iK.js&quot;: Invalid argument (22)
rsync: [generator] recv_generator: failed to stat &quot;/home/site/wwwroot/dist\assets\source-sans-pro-italic-CRcsOvyS.ttf&quot;: Invalid argument (22)
rsync: [generator] recv_generator: failed to stat &quot;/home/site/wwwroot/dist\assets\source-sans-pro-italic-Cv9m8hC5.woff&quot;: Invalid argument (22)
rsync: [generator] recv_generator: failed to stat &quot;/home/site/wwwroot/dist\assets\source-sans-pro-semibold-J0UDcmCq.ttf&quot;: Invalid argument (22)
rsync: [generator] recv_generator: failed to stat &quot;/home/site/wwwroot/dist\assets\source-sans-pro-semibolditalic-DCTsihXp.eot&quot;: Invalid argument (22)
rsync: [generator] recv_generator: failed to stat &quot;/home/site/wwwroot/dist\favicon.ico&quot;: Invalid argument (22)
rsync: [generator] recv_generator: failed to stat &quot;/home/site/wwwroot/dist\assets\blockDiagram-VD42YOAC-DcFIQTZq.js&quot;: Invalid argument (22)
rsync: [generator] recv_generator: failed to stat &quot;/home/site/wwwroot/dist\assets\c4Diagram-YG6GDRKO-BLQL9rLu.js&quot;: Invalid argument (22)
rsync: [generator] recv_generator: failed to stat &quot;/home/site/wwwroot/dist\assets\chunk-FMBD7UC4-DJNsBBDT.js&quot;: Invalid argument (22)
rsync: [generator] recv_generator: failed to stat &quot;/home/site/wwwroot/dist\assets\diagram-S2PKOQOG-DlI2vW2m.js&quot;: Invalid argument (22)
rsync: [generator] recv_generator: failed to stat &quot;/home/site/wwwroot/dist\assets\graph-CYqw1HM5.js&quot;: Invalid argument (22)
rsync: [generator] recv_generator: failed to stat &quot;/home/site/wwwroot/dist\assets\mindmap-definition-VGOIOE7T-BHIAoIxt.js&quot;: Invalid argument (22)
rsync: [generator] recv_generator: failed to stat &quot;/home/site/wwwroot/dist\assets\sankeyDiagram-TZEHDZUN-CHOwpNrq.js&quot;: Invalid argument (22)
rsync: [generator] recv_generator: failed to stat &quot;/home/site/wwwroot/dist\assets\source-sans-pro-regular-Du6DMqU5.woff&quot;: Invalid argument (22)
rsync: [generator] recv_generator: failed to stat &quot;/home/site/wwwroot/dist\assets\architectureDiagram-VXUJARFQ-H7RCm_9v.js&quot;: Invalid argument (22)
rsync: [generator] recv_generator: failed to stat &quot;/home/site/wwwroot/dist\assets\chunk-4BX2VUAB-DExaJ3XS.js&quot;: Invalid argument (22)
rsync: [generator] recv_generator: failed to stat &quot;/home/site/wwwroot/dist\assets\chunk-TZMSLE5B-f8swh9j9.js&quot;: Invalid argument (22)
rsync: [generator] recv_generator: failed to stat &quot;/home/site/wwwroot/dist\assets\classDiagram-2ON5EDUG-CpA9kvDY.js&quot;: Invalid argument (22)
rsync: [generator] recv_generator: failed to stat &quot;/home/site/wwwroot/dist\assets\diagram-QEK2KX5R-K8KydW_p.js&quot;: Invalid argument (22)
rsync: [generator] recv_generator: failed to stat &quot;/home/site/wwwroot/dist\assets\ganttDiagram-JELNMOA3-7u-GEAYm.js&quot;: Invalid argument (22)
rsync: [generator] recv_generator: failed to stat &quot;/home/site/wwwroot/dist\assets\league-gothic-Cg6O_jDX.ttf&quot;: Invalid argument (22)
rsync: [generator] recv_generator: failed to stat &quot;/home/site/wwwroot/dist\assets\source-sans-pro-italic-BRELHCij.eot&quot;: Invalid argument (22)
rsync: [generator] recv_generator: failed to stat &quot;/home/site/wwwroot/dist\assets\xychartDiagram-PRI3JC2R-D2xkEirR.js&quot;: Invalid argument (22)
rsync: [generator] recv_generator: failed to stat &quot;/home/site/wwwroot/dist\assets\hero-illustration-BopuXrxI.jpg&quot;: Invalid argument (22)
rsync: [generator] recv_generator: failed to stat &quot;/home/site/wwwroot/dist\assets\katex-XbL3y5x-.js&quot;: Invalid argument (22)
rsync: [generator] recv_generator: failed to stat &quot;/home/site/wwwroot/dist\assets\pieDiagram-ADFJNKIX-fNjGcPjn.js&quot;: Invalid argument (22)
rsync: [generator] recv_generator: failed to stat &quot;/home/site/wwwroot/dist\assets\source-sans-pro-regular-C8xAf4ue.eot&quot;: Invalid argument (22)
rsync: [generator] recv_generator: failed to stat &quot;/home/site/wwwroot/dist\assets\source-sans-pro-semibolditalic-BHQoOnJ8.ttf&quot;: Invalid argument (22)
rsync: [generator] recv_generator: failed to stat &quot;/home/site/wwwroot/dist\assets\treemap-KMMF4GRG-BAlVGnq-.js&quot;: Invalid argument (22)
rsync: [generator] recv_generator: failed to stat &quot;/home/site/wwwroot/dist\placeholder.svg&quot;: Invalid argument (22)
rsync: [generator] recv_generator: failed to stat &quot;/home/site/wwwroot/dist\assets\journeyDiagram-XKPGCS4Q-_ZeExwIv.js&quot;: Invalid argument (22)
rsync: [generator] recv_generator: failed to stat &quot;/home/site/wwwroot/dist\assets\league-gothic-DDFhcAD7.woff&quot;: Invalid argument (22)
rsync error: some files/attrs were not transferred (see previous errors) (code 23) at main.c(1338) [sender=3.2.7]
rsync error: some files/attrs were not transferred (see previous errors) (code 23) at main.c(1338) [sender=3.2.7]
rsync: [generator] recv_generator: failed to stat &quot;/home/site/wwwroot/dist\assets\chunk-DI55MBZ5-Sefhqyra.js&quot;: Invalid argument (22)
rsync: [generator] recv_generator: failed to stat &quot;/home/site/wwwroot/dist\assets\cose-bilkent-S5V4N54A-BYMQX658.js&quot;: Invalid argument (22)
rsync: [generator] recv_generator: failed to stat &quot;/home/site/wwwroot/dist\assets\flowDiagram-NV44I4VS-CVbU0YGk.js&quot;: Invalid argument (22)
rsync: [generator] recv_generator: failed to stat &quot;/home/site/wwwroot/dist\assets\infoDiagram-WHAUD3N6-Bi5D2GpG.js&quot;: Invalid argument (22)
rsync: [generator] recv_generator: failed to stat &quot;/home/site/wwwroot/dist\assets\kanban-definition-3W4ZIXB7-B701GV8Z.js&quot;: Invalid argument (22)
rsync: [generator] recv_generator: failed to stat &quot;/home/site/wwwroot/dist\assets\layout-B5BrZyxz.js&quot;: Invalid argument (22)
rsync: [generator] recv_generator: failed to stat &quot;/home/site/wwwroot/dist\assets\quadrantDiagram-AYHSOK5B-B39s4Z7o.js&quot;: Invalid argument (22)
rsync: [generator] recv_generator: failed to stat &quot;/home/site/wwwroot/dist\assets\timeline-definition-IT6M3QCI-CV-Liy-U.js&quot;: Invalid argument (22)
rsync: [generator] recv_generator: failed to stat &quot;/home/site/wwwroot/dist\logo.svg&quot;: Invalid argument (22)
rsync: [generator] recv_generator: failed to stat &quot;/home/site/wwwroot/dist\robots.txt&quot;: Invalid argument (22)
rsync error: some files/attrs were not transferred (see previous errors) (code 23) at main.c(1338) [sender=3.2.7]
rsync: [generator] recv_generator: failed to stat &quot;/home/site/wwwroot/dist\assets\_baseUniq-KmPnAyKP.js&quot;: Invalid argument (22)
rsync: [generator] recv_generator: failed to stat &quot;/home/site/wwwroot/dist\assets\arc-XUMfe5VI.js&quot;: Invalid argument (22)
rsync: [generator] recv_generator: failed to stat &quot;/home/site/wwwroot/dist\assets\blockDiagram-VD42YOAC-DcFIQTZq.js&quot;: Invalid argument (22)
rsync: [generator] recv_generator: failed to stat &quot;/home/site/wwwroot/dist\assets\c4Diagram-YG6GDRKO-BLQL9rLu.js&quot;: Invalid argument (22)
rsync: [generator] recv_generator: failed to stat &quot;/home/site/wwwroot/dist\assets\chunk-FMBD7UC4-DJNsBBDT.js&quot;: Invalid argument (22)
rsync: [generator] recv_generator: failed to stat &quot;/home/site/wwwroot/dist\assets\diagram-S2PKOQOG-DlI2vW2m.js&quot;: Invalid argument (22)
rsync: [generator] recv_generator: failed to stat &quot;/home/site/wwwroot/dist\assets\graph-CYqw1HM5.js&quot;: Invalid argument (22)
rsync: [generator] recv_generator: failed to stat &quot;/home/site/wwwroot/dist\assets\mindmap-definition-VGOIOE7T-BHIAoIxt.js&quot;: Invalid argument (22)
rsync: [generator] recv_generator: failed to stat &quot;/home/site/wwwroot/dist\assets\sankeyDiagram-TZEHDZUN-CHOwpNrq.js&quot;: Invalid argument (22)
rsync: [generator] recv_generator: failed to stat &quot;/home/site/wwwroot/dist\assets\source-sans-pro-regular-Du6DMqU5.woff&quot;: Invalid argument (22)
rsync error: some files/attrs were not transferred (see previous errors) (code 23) at main.c(1338) [sender=3.2.7]
rsync error: some files/attrs were not transferred (see previous errors) (code 23) at main.c(1338) [sender=3.2.7]
rsync error: some files/attrs were not transferred (see previous errors) (code 23) at main.c(1338) [sender=3.2.7]
rsync error: some files/attrs were not transferred (see previous errors) (code 23) at main.c(1338) [sender=3.2.7]
rsync error: some files/attrs were not transferred (see previous errors) (code 23) at main.c(1338) [sender=3.2.7]
rsync: [generator] recv_generator: failed to stat &quot;/home/site/wwwroot/dist\assets\architectureDiagram-VXUJARFQ-H7RCm_9v.js&quot;: Invalid argument (22)
rsync: [generator] recv_generator: failed to stat &quot;/home/site/wwwroot/dist\assets\chunk-4BX2VUAB-DExaJ3XS.js&quot;: Invalid argument (22)
rsync: [generator] recv_generator: failed to stat &quot;/home/site/wwwroot/dist\assets\chunk-TZMSLE5B-f8swh9j9.js&quot;: Invalid argument (22)
rsync: [generator] recv_generator: failed to stat &quot;/home/site/wwwroot/dist\assets\classDiagram-2ON5EDUG-CpA9kvDY.js&quot;: Invalid argument (22)
rsync: [generator] recv_generator: failed to stat &quot;/home/site/wwwroot/dist\assets\diagram-QEK2KX5R-K8KydW_p.js&quot;: Invalid argument (22)
rsync: [generator] recv_generator: failed to stat &quot;/home/site/wwwroot/dist\assets\ganttDiagram-JELNMOA3-7u-GEAYm.js&quot;: Invalid argument (22)
rsync: [generator] recv_generator: failed to stat &quot;/home/site/wwwroot/dist\assets\league-gothic-Cg6O_jDX.ttf&quot;: Invalid argument (22)
rsync: [generator] recv_generator: failed to stat &quot;/home/site/wwwroot/dist\assets\source-sans-pro-italic-BRELHCij.eot&quot;: Invalid argument (22)
rsync: [generator] recv_generator: failed to stat &quot;/home/site/wwwroot/dist\assets\xychartDiagram-PRI3JC2R-D2xkEirR.js&quot;: Invalid argument (22)
rsync: [generator] recv_generator: failed to stat &quot;/home/site/wwwroot/dist\assets\channel-BZJ6Kb47.js&quot;: Invalid argument (22)
rsync: [generator] recv_generator: failed to stat &quot;/home/site/wwwroot/dist\assets\chunk-55IACEB6-BEuDu4On.js&quot;: Invalid argument (22)
rsync: [generator] recv_generator: failed to stat &quot;/home/site/wwwroot/dist\assets\chunk-QZHKN3VN-BaQfophB.js&quot;: Invalid argument (22)
rsync: [generator] recv_generator: failed to stat &quot;/home/site/wwwroot/dist\assets\classDiagram-v2-WZHVMYZB-CpA9kvDY.js&quot;: Invalid argument (22)
rsync: [generator] recv_generator: failed to stat &quot;/home/site/wwwroot/dist\assets\cytoscape.esm-5J0xJHOV.js&quot;: Invalid argument (22)
rsync: [generator] recv_generator: failed to stat &quot;/home/site/wwwroot/dist\assets\requirementDiagram-UZGBJVZJ-Cx4ORLM-.js&quot;: Invalid argument (22)
rsync: [generator] recv_generator: failed to stat &quot;/home/site/wwwroot/dist\assets\source-sans-pro-regular-DVYRbr7L.ttf&quot;: Invalid argument (22)
rsync: [generator] recv_generator: failed to stat &quot;/home/site/wwwroot/dist\assets\source-sans-pro-semibold-DJkFd4Pg.eot&quot;: Invalid argument (22)
rsync: [generator] recv_generator: failed to stat &quot;/home/site/wwwroot/dist\assets\source-sans-pro-semibolditalic-DSkHRpvW.woff&quot;: Invalid argument (22)
rsync: [generator] recv_generator: failed to stat &quot;/home/site/wwwroot/dist\index.html&quot;: Invalid argument (22)
rsync: [generator] recv_generator: failed to stat &quot;/home/site/wwwroot/dist\assets\clone-DohMwSOy.js&quot;: Invalid argument (22)
rsync: [generator] recv_generator: failed to stat &quot;/home/site/wwwroot/dist\assets\diagram-PSM6KHXK-BWRfE-7q.js&quot;: Invalid argument (22)
rsync: [generator] recv_generator: failed to stat &quot;/home/site/wwwroot/dist\assets\erDiagram-Q2GNP2WA-B-o--YkO.js&quot;: Invalid argument (22)
rsync: [generator] recv_generator: failed to stat &quot;/home/site/wwwroot/dist\assets\hero-illustration-BopuXrxI.jpg&quot;: Invalid argument (22)
rsync: [generator] recv_generator: failed to stat &quot;/home/site/wwwroot/dist\assets\katex-XbL3y5x-.js&quot;: Invalid argument (22)
rsync: [generator] recv_generator: failed to stat &quot;/home/site/wwwroot/dist\assets\pieDiagram-ADFJNKIX-fNjGcPjn.js&quot;: Invalid argument (22)
rsync: [generator] recv_generator: failed to stat &quot;/home/site/wwwroot/dist\assets\source-sans-pro-regular-C8xAf4ue.eot&quot;: Invalid argument (22)
rsync: [generator] recv_generator: failed to stat &quot;/home/site/wwwroot/dist\assets\source-sans-pro-semibolditalic-BHQoOnJ8.ttf&quot;: Invalid argument (22)
rsync: [generator] recv_generator: failed to stat &quot;/home/site/wwwroot/dist\assets\treemap-KMMF4GRG-BAlVGnq-.js&quot;: Invalid argument (22)
rsync: [generator] recv_generator: failed to stat &quot;/home/site/wwwroot/dist\placeholder.svg&quot;: Invalid argument (22)
rsync: [generator] recv_generator: failed to stat &quot;/home/site/wwwroot/dist\assets\journeyDiagram-XKPGCS4Q-_ZeExwIv.js&quot;: Invalid argument (22)
rsync: [generator] recv_generator: failed to stat &quot;/home/site/wwwroot/dist\assets\league-gothic-DDFhcAD7.woff&quot;: Invalid argument (22)
rsync: [generator] recv_generator: failed to stat &quot;/home/site/wwwroot/dist\assets\__vite-browser-external-BIHI7g3E.js&quot;: Invalid argument (22)
rsync: [generator] recv_generator: failed to stat &quot;/home/site/wwwroot/dist\assets\dagre-6UL2VRFP-B-X5fLDB.js&quot;: Invalid argument (22)
rsync: [generator] recv_generator: failed to stat &quot;/home/site/wwwroot/dist\assets\gitGraphDiagram-NY62KEGX-mDQqT0t5.js&quot;: Invalid argument (22)
rsync: [generator] recv_generator: failed to stat &quot;/home/site/wwwroot/dist\assets\index-BXP3E17j.js&quot;: Invalid argument (22)
rsync: [generator] recv_generator: failed to stat &quot;/home/site/wwwroot/dist\assets\league-gothic-CHd505-u.eot&quot;: Invalid argument (22)
rsync: [generator] recv_generator: failed to stat &quot;/home/site/wwwroot/dist\assets\sequenceDiagram-WL72ISMW-DjNUsMGN.js&quot;: Invalid argument (22)
rsync: [generator] recv_generator: failed to stat &quot;/home/site/wwwroot/dist\assets\source-sans-pro-semibold-DwriEDPf.woff&quot;: Invalid argument (22)
rsync: [generator] recv_generator: failed to stat &quot;/home/site/wwwroot/dist\assets\stateDiagram-FKZM4ZOC-DWBdR7_7.js&quot;: Invalid argument (22)
rsync: [generator] recv_generator: failed to stat &quot;/home/site/wwwroot/dist\assets\stateDiagram-v2-4FDKWEC3-CAKjH3W5.js&quot;: Invalid argument (22)
rsync: [generator] recv_generator: failed to stat &quot;/home/site/wwwroot/dist\assets\chunk-DI55MBZ5-Sefhqyra.js&quot;: Invalid argument (22)
rsync: [generator] recv_generator: failed to stat &quot;/home/site/wwwroot/dist\assets\cose-bilkent-S5V4N54A-BYMQX658.js&quot;: Invalid argument (22)
rsync: [generator] recv_generator: failed to stat &quot;/home/site/wwwroot/dist\assets\flowDiagram-NV44I4VS-CVbU0YGk.js&quot;: Invalid argument (22)
rsync: [generator] recv_generator: failed to stat &quot;/home/site/wwwroot/dist\assets\infoDiagram-WHAUD3N6-Bi5D2GpG.js&quot;: Invalid argument (22)
rsync: [generator] recv_generator: failed to stat &quot;/home/site/wwwroot/dist\assets\kanban-definition-3W4ZIXB7-B701GV8Z.js&quot;: Invalid argument (22)
rsync: [generator] recv_generator: failed to stat &quot;/home/site/wwwroot/dist\assets\layout-B5BrZyxz.js&quot;: Invalid argument (22)
rsync: [generator] recv_generator: failed to stat &quot;/home/site/wwwroot/dist\assets\quadrantDiagram-AYHSOK5B-B39s4Z7o.js&quot;: Invalid argument (22)
rsync: [generator] recv_generator: failed to stat &quot;/home/site/wwwroot/dist\assets\timeline-definition-IT6M3QCI-CV-Liy-U.js&quot;: Invalid argument (22)
rsync: [generator] recv_generator: failed to stat &quot;/home/site/wwwroot/dist\logo.svg&quot;: Invalid argument (22)
rsync: [generator] recv_generator: failed to stat &quot;/home/site/wwwroot/dist\robots.txt&quot;: Invalid argument (22)
rsync: [generator] recv_generator: failed to stat &quot;/home/site/wwwroot/dist\assets\chunk-B4BG7PRW-CdBbYniP.js&quot;: Invalid argument (22)
rsync error: some files/attrs were not transferred (see previous errors) (code 23) at main.c(1338) [sender=3.2.7]
rsync: [generator] recv_generator: failed to stat &quot;/home/site/wwwroot/dist\assets\chunk-QN33PNHL-O59_OMPG.js&quot;: Invalid argument (22)
rsync: [generator] recv_generator: failed to stat &quot;/home/site/wwwroot/dist\assets\index-DX6hN0jb.css&quot;: Invalid argument (22)
rsync: [generator] recv_generator: failed to stat &quot;/home/site/wwwroot/dist\assets\min-CmGAg9iK.js&quot;: Invalid argument (22)
rsync: [generator] recv_generator: failed to stat &quot;/home/site/wwwroot/dist\assets\source-sans-pro-italic-CRcsOvyS.ttf&quot;: Invalid argument (22)
rsync: [generator] recv_generator: failed to stat &quot;/home/site/wwwroot/dist\assets\source-sans-pro-italic-Cv9m8hC5.woff&quot;: Invalid argument (22)
rsync: [generator] recv_generator: failed to stat &quot;/home/site/wwwroot/dist\assets\source-sans-pro-semibold-J0UDcmCq.ttf&quot;: Invalid argument (22)
rsync: [generator] recv_generator: failed to stat &quot;/home/site/wwwroot/dist\assets\source-sans-pro-semibolditalic-DCTsihXp.eot&quot;: Invalid argument (22)
rsync: [generator] recv_generator: failed to stat &quot;/home/site/wwwroot/dist\favicon.ico&quot;: Invalid argument (22)
rsync error: some files/attrs were not transferred (see previous errors) (code 23) at main.c(1338) [sender=3.2.7]
rsync error: some files/attrs were not transferred (see previous errors) (code 23) at main.c(1338) [sender=3.2.7]
rsync error: some files/attrs were not transferred (see previous errors) (code 23) at main.c(1338) [sender=3.2.7]
rsync error: some files/attrs were not transferred (see previous errors) (code 23) at main.c(1338) [sender=3.2.7]
rsync error: some files/attrs were not transferred (see previous errors) (code 23) at main.c(1338) [sender=3.2.7]
rsync error: some files/attrs were not transferred (see previous errors) (code 23) at main.c(1338) [sender=3.2.7], Kudu.Core.Infrastructure.CommandLineException: rsync: [generator] recv_generator: failed to stat &quot;/home/site/wwwroot/dist\assets\channel-BZJ6Kb47.js&quot;: Invalid argument (22)
rsync: [generator] recv_generator: failed to stat &quot;/home/site/wwwroot/dist\assets\chunk-55IACEB6-BEuDu4On.js&quot;: Invalid argument (22)
rsync: [generator] recv_generator: failed to stat &quot;/home/site/wwwroot/dist\assets\chunk-QZHKN3VN-BaQfophB.js&quot;: Invalid argument (22)
rsync: [generator] recv_generator: failed to stat &quot;/home/site/wwwroot/dist\assets\classDiagram-v2-WZHVMYZB-CpA9kvDY.js&quot;: Invalid argument (22)
rsync: [generator] recv_generator: failed to stat &quot;/home/site/wwwroot/dist\assets\cytoscape.esm-5J0xJHOV.js&quot;: Invalid argument (22)
rsync: [generator] recv_generator: failed to stat &quot;/home/site/wwwroot/dist\assets\requirementDiagram-UZGBJVZJ-Cx4ORLM-.js&quot;: Invalid argument (22)
rsync: [generator] recv_generator: failed to stat &quot;/home/site/wwwroot/dist\assets\source-sans-pro-regular-DVYRbr7L.ttf&quot;: Invalid argument (22)
rsync: [generator] recv_generator: failed to stat &quot;/home/site/wwwroot/dist\assets\source-sans-pro-semibold-DJkFd4Pg.eot&quot;: Invalid argument (22)
rsync: [generator] recv_generator: failed to stat &quot;/home/site/wwwroot/dist\assets\source-sans-pro-semibolditalic-DSkHRpvW.woff&quot;: Invalid argument (22)
rsync: [generator] recv_generator: failed to stat &quot;/home/site/wwwroot/dist\index.html&quot;: Invalid argument (22)
rsync: [generator] recv_generator: failed to stat &quot;/home/site/wwwroot/dist\assets\clone-DohMwSOy.js&quot;: Invalid argument (22)
rsync: [generator] recv_generator: failed to stat &quot;/home/site/wwwroot/dist\assets\diagram-PSM6KHXK-BWRfE-7q.js&quot;: Invalid argument (22)
rsync: [generator] recv_generator: failed to stat &quot;/home/site/wwwroot/dist\assets\erDiagram-Q2GNP2WA-B-o--YkO.js&quot;: Invalid argument (22)
rsync: [generator] recv_generator: failed to stat &quot;/home/site/wwwroot/dist\assets\_baseUniq-KmPnAyKP.js&quot;: Invalid argument (22)
rsync: [generator] recv_generator: failed to stat &quot;/home/site/wwwroot/dist\assets\arc-XUMfe5VI.js&quot;: Invalid argument (22)
rsync: [generator] recv_generator: failed to stat &quot;/home/site/wwwroot/dist\assets\__vite-browser-external-BIHI7g3E.js&quot;: Invalid argument (22)
rsync: [generator] recv_generator: failed to stat &quot;/home/site/wwwroot/dist\assets\dagre-6UL2VRFP-B-X5fLDB.js&quot;: Invalid argument (22)
rsync: [generator] recv_generator: failed to stat &quot;/home/site/wwwroot/dist\assets\gitGraphDiagram-NY62KEGX-mDQqT0t5.js&quot;: Invalid argument (22)
rsync: [generator] recv_generator: failed to stat &quot;/home/site/wwwroot/dist\assets\index-BXP3E17j.js&quot;: Invalid argument (22)
rsync: [generator] recv_generator: failed to stat &quot;/home/site/wwwroot/dist\assets\league-gothic-CHd505-u.eot&quot;: Invalid argument (22)
rsync: [generator] recv_generator: failed to stat &quot;/home/site/wwwroot/dist\assets\sequenceDiagram-WL72ISMW-DjNUsMGN.js&quot;: Invalid argument (22)
rsync: [generator] recv_generator: failed to stat &quot;/home/site/wwwroot/dist\assets\source-sans-pro-semibold-DwriEDPf.woff&quot;: Invalid argument (22)
rsync: [generator] recv_generator: failed to stat &quot;/home/site/wwwroot/dist\assets\stateDiagram-FKZM4ZOC-DWBdR7_7.js&quot;: Invalid argument (22)
rsync: [generator] recv_generator: failed to stat &quot;/home/site/wwwroot/dist\assets\stateDiagram-v2-4FDKWEC3-CAKjH3W5.js&quot;: Invalid argument (22)
rsync error: some files/attrs were not transferred (see previous errors) (code 23) at main.c(1338) [sender=3.2.7]
rsync: [generator] recv_generator: failed to stat &quot;/home/site/wwwroot/dist\assets\chunk-B4BG7PRW-CdBbYniP.js&quot;: Invalid argument (22)
rsync: [generator] recv_generator: failed to stat &quot;/home/site/wwwroot/dist\assets\chunk-QN33PNHL-O59_OMPG.js&quot;: Invalid argument (22)
rsync: [generator] recv_generator: failed to stat &quot;/home/site/wwwroot/dist\assets\index-DX6hN0jb.css&quot;: Invalid argument (22)
rsync: [generator] recv_generator: failed to stat &quot;/home/site/wwwroot/dist\assets\min-CmGAg9iK.js&quot;: Invalid argument (22)
rsync: [generator] recv_generator: failed to stat &quot;/home/site/wwwroot/dist\assets\source-sans-pro-italic-CRcsOvyS.ttf&quot;: Invalid argument (22)
rsync: [generator] recv_generator: failed to stat &quot;/home/site/wwwroot/dist\assets\source-sans-pro-italic-Cv9m8hC5.woff&quot;: Invalid argument (22)
rsync: [generator] recv_generator: failed to stat &quot;/home/site/wwwroot/dist\assets\source-sans-pro-semibold-J0UDcmCq.ttf&quot;: Invalid argument (22)
rsync: [generator] recv_generator: failed to stat &quot;/home/site/wwwroot/dist\assets\source-sans-pro-semibolditalic-DCTsihXp.eot&quot;: Invalid argument (22)
rsync: [generator] recv_generator: failed to stat &quot;/home/site/wwwroot/dist\favicon.ico&quot;: Invalid argument (22)
rsync: [generator] recv_generator: failed to stat &quot;/home/site/wwwroot/dist\assets\blockDiagram-VD42YOAC-DcFIQTZq.js&quot;: Invalid argument (22)
rsync: [generator] recv_generator: failed to stat &quot;/home/site/wwwroot/dist\assets\c4Diagram-YG6GDRKO-BLQL9rLu.js&quot;: Invalid argument (22)
rsync: [generator] recv_generator: failed to stat &quot;/home/site/wwwroot/dist\assets\chunk-FMBD7UC4-DJNsBBDT.js&quot;: Invalid argument (22)
rsync: [generator] recv_generator: failed to stat &quot;/home/site/wwwroot/dist\assets\diagram-S2PKOQOG-DlI2vW2m.js&quot;: Invalid argument (22)
rsync: [generator] recv_generator: failed to stat &quot;/home/site/wwwroot/dist\assets\graph-CYqw1HM5.js&quot;: Invalid argument (22)
rsync: [generator] recv_generator: failed to stat &quot;/home/site/wwwroot/dist\assets\mindmap-definition-VGOIOE7T-BHIAoIxt.js&quot;: Invalid argument (22)
rsync: [generator] recv_generator: failed to stat &quot;/home/site/wwwroot/dist\assets\sankeyDiagram-TZEHDZUN-CHOwpNrq.js&quot;: Invalid argument (22)
rsync: [generator] recv_generator: failed to stat &quot;/home/site/wwwroot/dist\assets\source-sans-pro-regular-Du6DMqU5.woff&quot;: Invalid argument (22)
rsync: [generator] recv_generator: failed to stat &quot;/home/site/wwwroot/dist\assets\architectureDiagram-VXUJARFQ-H7RCm_9v.js&quot;: Invalid argument (22)
rsync: [generator] recv_generator: failed to stat &quot;/home/site/wwwroot/dist\assets\chunk-4BX2VUAB-DExaJ3XS.js&quot;: Invalid argument (22)
rsync: [generator] recv_generator: failed to stat &quot;/home/site/wwwroot/dist\assets\chunk-TZMSLE5B-f8swh9j9.js&quot;: Invalid argument (22)
rsync: [generator] recv_generator: failed to stat &quot;/home/site/wwwroot/dist\assets\classDiagram-2ON5EDUG-CpA9kvDY.js&quot;: Invalid argument (22)
rsync: [generator] recv_generator: failed to stat &quot;/home/site/wwwroot/dist\assets\diagram-QEK2KX5R-K8KydW_p.js&quot;: Invalid argument (22)
rsync: [generator] recv_generator: failed to stat &quot;/home/site/wwwroot/dist\assets\ganttDiagram-JELNMOA3-7u-GEAYm.js&quot;: Invalid argument (22)
rsync: [generator] recv_generator: failed to stat &quot;/home/site/wwwroot/dist\assets\league-gothic-Cg6O_jDX.ttf&quot;: Invalid argument (22)
rsync: [generator] recv_generator: failed to stat &quot;/home/site/wwwroot/dist\assets\source-sans-pro-italic-BRELHCij.eot&quot;: Invalid argument (22)
rsync: [generator] recv_generator: failed to stat &quot;/home/site/wwwroot/dist\assets\xychartDiagram-PRI3JC2R-D2xkEirR.js&quot;: Invalid argument (22)
rsync: [generator] recv_generator: failed to stat &quot;/home/site/wwwroot/dist\assets\hero-illustration-BopuXrxI.jpg&quot;: Invalid argument (22)
rsync: [generator] recv_generator: failed to stat &quot;/home/site/wwwroot/dist\assets\katex-XbL3y5x-.js&quot;: Invalid argument (22)
rsync: [generator] recv_generator: failed to stat &quot;/home/site/wwwroot/dist\assets\pieDiagram-ADFJNKIX-fNjGcPjn.js&quot;: Invalid argument (22)
rsync: [generator] recv_generator: failed to stat &quot;/home/site/wwwroot/dist\assets\source-sans-pro-regular-C8xAf4ue.eot&quot;: Invalid argument (22)
rsync: [generator] recv_generator: failed to stat &quot;/home/site/wwwroot/dist\assets\source-sans-pro-semibolditalic-BHQoOnJ8.ttf&quot;: Invalid argument (22)
rsync: [generator] recv_generator: failed to stat &quot;/home/site/wwwroot/dist\assets\treemap-KMMF4GRG-BAlVGnq-.js&quot;: Invalid argument (22)
rsync: [generator] recv_generator: failed to stat &quot;/home/site/wwwroot/dist\placeholder.svg&quot;: Invalid argument (22)
rsync: [generator] recv_generator: failed to stat &quot;/home/site/wwwroot/dist\assets\journeyDiagram-XKPGCS4Q-_ZeExwIv.js&quot;: Invalid argument (22)
rsync: [generator] recv_generator: failed to stat &quot;/home/site/wwwroot/dist\assets\league-gothic-DDFhcAD7.woff&quot;: Invalid argument (22)
rsync error: some files/attrs were not transferred (see previous errors) (code 23) at main.c(1338) [sender=3.2.7]
rsync error: some files/attrs were not transferred (see previous errors) (code 23) at main.c(1338) [sender=3.2.7]
rsync: [generator] recv_generator: failed to stat &quot;/home/site/wwwroot/dist\assets\chunk-DI55MBZ5-Sefhqyra.js&quot;: Invalid argument (22)
rsync: [generator] recv_generator: failed to stat &quot;/home/site/wwwroot/dist\assets\cose-bilkent-S5V4N54A-BYMQX658.js&quot;: Invalid argument (22)
rsync: [generator] recv_generator: failed to stat &quot;/home/site/wwwroot/dist\assets\flowDiagram-NV44I4VS-CVbU0YGk.js&quot;: Invalid argument (22)
rsync: [generator] recv_generator: failed to stat &quot;/home/site/wwwroot/dist\assets\infoDiagram-WHAUD3N6-Bi5D2GpG.js&quot;: Invalid argument (22)
rsync: [generator] recv_generator: failed to stat &quot;/home/site/wwwroot/dist\assets\kanban-definition-3W4ZIXB7-B701GV8Z.js&quot;: Invalid argument (22)
rsync: [generator] recv_generator: failed to stat &quot;/home/site/wwwroot/dist\assets\layout-B5BrZyxz.js&quot;: Invalid argument (22)
rsync: [generator] recv_generator: failed to stat &quot;/home/site/wwwroot/dist\assets\quadrantDiagram-AYHSOK5B-B39s4Z7o.js&quot;: Invalid argument (22)
rsync: [generator] recv_generator: failed to stat &quot;/home/site/wwwroot/dist\assets\timeline-definition-IT6M3QCI-CV-Liy-U.js&quot;: Invalid argument (22)
rsync: [generator] recv_generator: failed to stat &quot;/home/site/wwwroot/dist\logo.svg&quot;: Invalid argument (22)
rsync: [generator] recv_generator: failed to stat &quot;/home/site/wwwroot/dist\robots.txt&quot;: Invalid argument (22)
rsync error: some files/attrs were not transferred (see previous errors) (code 23) at main.c(1338) [sender=3.2.7]
rsync: [generator] recv_generator: failed to stat &quot;/home/site/wwwroot/dist\assets\_baseUniq-KmPnAyKP.js&quot;: Invalid argument (22)
rsync: [generator] recv_generator: failed to stat &quot;/home/site/wwwroot/dist\assets\arc-XUMfe5VI.js&quot;: Invalid argument (22)
rsync: [generator] recv_generator: failed to stat &quot;/home/site/wwwroot/dist\assets\blockDiagram-VD42YOAC-DcFIQTZq.js&quot;: Invalid argument (22)
rsync: [generator] recv_generator: failed to stat &quot;/home/site/wwwroot/dist\assets\c4Diagram-YG6GDRKO-BLQL9rLu.js&quot;: Invalid argument (22)
rsync: [generator] recv_generator: failed to stat &quot;/home/site/wwwroot/dist\assets\chunk-FMBD7UC4-DJNsBBDT.js&quot;: Invalid argument (22)
rsync: [generator] recv_generator: failed to stat &quot;/home/site/wwwroot/dist\assets\diagram-S2PKOQOG-DlI2vW2m.js&quot;: Invalid argument (22)
rsync: [generator] recv_generator: failed to stat &quot;/home/site/wwwroot/dist\assets\graph-CYqw1HM5.js&quot;: Invalid argument (22)
rsync: [generator] recv_generator: failed to stat &quot;/home/site/wwwroot/dist\assets\mindmap-definition-VGOIOE7T-BHIAoIxt.js&quot;: Invalid argument (22)
rsync: [generator] recv_generator: failed to stat &quot;/home/site/wwwroot/dist\assets\sankeyDiagram-TZEHDZUN-CHOwpNrq.js&quot;: Invalid argument (22)
rsync: [generator] recv_generator: failed to stat &quot;/home/site/wwwroot/dist\assets\source-sans-pro-regular-Du6DMqU5.woff&quot;: Invalid argument (22)
rsync error: some files/attrs were not transferred (see previous errors) (code 23) at main.c(1338) [sender=3.2.7]
rsync error: some files/attrs were not transferred (see previous errors) (code 23) at main.c(1338) [sender=3.2.7]
rsync error: some files/attrs were not transferred (see previous errors) (code 23) at main.c(1338) [sender=3.2.7]
rsync error: some files/attrs were not transferred (see previous errors) (code 23) at main.c(1338) [sender=3.2.7]
rsync error: some files/attrs were not transferred (see previous errors) (code 23) at main.c(1338) [sender=3.2.7]
rsync: [generator] recv_generator: failed to stat &quot;/home/site/wwwroot/dist\assets\architectureDiagram-VXUJARFQ-H7RCm_9v.js&quot;: Invalid argument (22)
rsync: [generator] recv_generator: failed to stat &quot;/home/site/wwwroot/dist\assets\chunk-4BX2VUAB-DExaJ3XS.js&quot;: Invalid argument (22)
rsync: [generator] recv_generator: failed to stat &quot;/home/site/wwwroot/dist\assets\chunk-TZMSLE5B-f8swh9j9.js&quot;: Invalid argument (22)
rsync: [generator] recv_generator: failed to stat &quot;/home/site/wwwroot/dist\assets\classDiagram-2ON5EDUG-CpA9kvDY.js&quot;: Invalid argument (22)
rsync: [generator] recv_generator: failed to stat &quot;/home/site/wwwroot/dist\assets\diagram-QEK2KX5R-K8KydW_p.js&quot;: Invalid argument (22)
rsync: [generator] recv_generator: failed to stat &quot;/home/site/wwwroot/dist\assets\ganttDiagram-JELNMOA3-7u-GEAYm.js&quot;: Invalid argument (22)
rsync: [generator] recv_generator: failed to stat &quot;/home/site/wwwroot/dist\assets\league-gothic-Cg6O_jDX.ttf&quot;: Invalid argument (22)
rsync: [generator] recv_generator: failed to stat &quot;/home/site/wwwroot/dist\assets\source-sans-pro-italic-BRELHCij.eot&quot;: Invalid argument (22)
rsync: [generator] recv_generator: failed to stat &quot;/home/site/wwwroot/dist\assets\xychartDiagram-PRI3JC2R-D2xkEirR.js&quot;: Invalid argument (22)
rsync: [generator] recv_generator: failed to stat &quot;/home/site/wwwroot/dist\assets\channel-BZJ6Kb47.js&quot;: Invalid argument (22)
rsync: [generator] recv_generator: failed to stat &quot;/home/site/wwwroot/dist\assets\chunk-55IACEB6-BEuDu4On.js&quot;: Invalid argument (22)
rsync: [generator] recv_generator: failed to stat &quot;/home/site/wwwroot/dist\assets\chunk-QZHKN3VN-BaQfophB.js&quot;: Invalid argument (22)
rsync: [generator] recv_generator: failed to stat &quot;/home/site/wwwroot/dist\assets\classDiagram-v2-WZHVMYZB-CpA9kvDY.js&quot;: Invalid argument (22)
rsync: [generator] recv_generator: failed to stat &quot;/home/site/wwwroot/dist\assets\cytoscape.esm-5J0xJHOV.js&quot;: Invalid argument (22)
rsync: [generator] recv_generator: failed to stat &quot;/home/site/wwwroot/dist\assets\requirementDiagram-UZGBJVZJ-Cx4ORLM-.js&quot;: Invalid argument (22)
rsync: [generator] recv_generator: failed to stat &quot;/home/site/wwwroot/dist\assets\source-sans-pro-regular-DVYRbr7L.ttf&quot;: Invalid argument (22)
rsync: [generator] recv_generator: failed to stat &quot;/home/site/wwwroot/dist\assets\source-sans-pro-semibold-DJkFd4Pg.eot&quot;: Invalid argument (22)
rsync: [generator] recv_generator: failed to stat &quot;/home/site/wwwroot/dist\assets\source-sans-pro-semibolditalic-DSkHRpvW.woff&quot;: Invalid argument (22)
rsync: [generator] recv_generator: failed to stat &quot;/home/site/wwwroot/dist\index.html&quot;: Invalid argument (22)
rsync: [generator] recv_generator: failed to stat &quot;/home/site/wwwroot/dist\assets\clone-DohMwSOy.js&quot;: Invalid argument (22)
rsync: [generator] recv_generator: failed to stat &quot;/home/site/wwwroot/dist\assets\diagram-PSM6KHXK-BWRfE-7q.js&quot;: Invalid argument (22)
rsync: [generator] recv_generator: failed to stat &quot;/home/site/wwwroot/dist\assets\erDiagram-Q2GNP2WA-B-o--YkO.js&quot;: Invalid argument (22)
rsync: [generator] recv_generator: failed to stat &quot;/home/site/wwwroot/dist\assets\hero-illustration-BopuXrxI.jpg&quot;: Invalid argument (22)
rsync: [generator] recv_generator: failed to stat &quot;/home/site/wwwroot/dist\assets\katex-XbL3y5x-.js&quot;: Invalid argument (22)
rsync: [generator] recv_generator: failed to stat &quot;/home/site/wwwroot/dist\assets\pieDiagram-ADFJNKIX-fNjGcPjn.js&quot;: Invalid argument (22)
rsync: [generator] recv_generator: failed to stat &quot;/home/site/wwwroot/dist\assets\source-sans-pro-regular-C8xAf4ue.eot&quot;: Invalid argument (22)
rsync: [generator] recv_generator: failed to stat &quot;/home/site/wwwroot/dist\assets\source-sans-pro-semibolditalic-BHQoOnJ8.ttf&quot;: Invalid argument (22)
rsync: [generator] recv_generator: failed to stat &quot;/home/site/wwwroot/dist\assets\treemap-KMMF4GRG-BAlVGnq-.js&quot;: Invalid argument (22)
rsync: [generator] recv_generator: failed to stat &quot;/home/site/wwwroot/dist\placeholder.svg&quot;: Invalid argument (22)
rsync: [generator] recv_generator: failed to stat &quot;/home/site/wwwroot/dist\assets\journeyDiagram-XKPGCS4Q-_ZeExwIv.js&quot;: Invalid argument (22)
rsync: [generator] recv_generator: failed to stat &quot;/home/site/wwwroot/dist\assets\league-gothic-DDFhcAD7.woff&quot;: Invalid argument (22)
rsync: [generator] recv_generator: failed to stat &quot;/home/site/wwwroot/dist\assets\__vite-browser-external-BIHI7g3E.js&quot;: Invalid argument (22)
rsync: [generator] recv_generator: failed to stat &quot;/home/site/wwwroot/dist\assets\dagre-6UL2VRFP-B-X5fLDB.js&quot;: Invalid argument (22)
rsync: [generator] recv_generator: failed to stat &quot;/home/site/wwwroot/dist\assets\gitGraphDiagram-NY62KEGX-mDQqT0t5.js&quot;: Invalid argument (22)
rsync: [generator] recv_generator: failed to stat &quot;/home/site/wwwroot/dist\assets\index-BXP3E17j.js&quot;: Invalid argument (22)
rsync: [generator] recv_generator: failed to stat &quot;/home/site/wwwroot/dist\assets\league-gothic-CHd505-u.eot&quot;: Invalid argument (22)
rsync: [generator] recv_generator: failed to stat &quot;/home/site/wwwroot/dist\assets\sequenceDiagram-WL72ISMW-DjNUsMGN.js&quot;: Invalid argument (22)
rsync: [generator] recv_generator: failed to stat &quot;/home/site/wwwroot/dist\assets\source-sans-pro-semibold-DwriEDPf.woff&quot;: Invalid argument (22)
rsync: [generator] recv_generator: failed to stat &quot;/home/site/wwwroot/dist\assets\stateDiagram-FKZM4ZOC-DWBdR7_7.js&quot;: Invalid argument (22)
rsync: [generator] recv_generator: failed to stat &quot;/home/site/wwwroot/dist\assets\stateDiagram-v2-4FDKWEC3-CAKjH3W5.js&quot;: Invalid argument (22)
rsync: [generator] recv_generator: failed to stat &quot;/home/site/wwwroot/dist\assets\chunk-DI55MBZ5-Sefhqyra.js&quot;: Invalid argument (22)
rsync: [generator] recv_generator: failed to stat &quot;/home/site/wwwroot/dist\assets\cose-bilkent-S5V4N54A-BYMQX658.js&quot;: Invalid argument (22)
rsync: [generator] recv_generator: failed to stat &quot;/home/site/wwwroot/dist\assets\flowDiagram-NV44I4VS-CVbU0YGk.js&quot;: Invalid argument (22)
rsync: [generator] recv_generator: failed to stat &quot;/home/site/wwwroot/dist\assets\infoDiagram-WHAUD3N6-Bi5D2GpG.js&quot;: Invalid argument (22)
rsync: [generator] recv_generator: failed to stat &quot;/home/site/wwwroot/dist\assets\kanban-definition-3W4ZIXB7-B701GV8Z.js&quot;: Invalid argument (22)
rsync: [generator] recv_generator: failed to stat &quot;/home/site/wwwroot/dist\assets\layout-B5BrZyxz.js&quot;: Invalid argument (22)
rsync: [generator] recv_generator: failed to stat &quot;/home/site/wwwroot/dist\assets\quadrantDiagram-AYHSOK5B-B39s4Z7o.js&quot;: Invalid argument (22)
rsync: [generator] recv_generator: failed to stat &quot;/home/site/wwwroot/dist\assets\timeline-definition-IT6M3QCI-CV-Liy-U.js&quot;: Invalid argument (22)
rsync: [generator] recv_generator: failed to stat &quot;/home/site/wwwroot/dist\logo.svg&quot;: Invalid argument (22)
rsync: [generator] recv_generator: failed to stat &quot;/home/site/wwwroot/dist\robots.txt&quot;: Invalid argument (22)
rsync: [generator] recv_generator: failed to stat &quot;/home/site/wwwroot/dist\assets\chunk-B4BG7PRW-CdBbYniP.js&quot;: Invalid argument (22)
rsync error: some files/attrs were not transferred (see previous errors) (code 23) at main.c(1338) [sender=3.2.7]
rsync: [generator] recv_generator: failed to stat &quot;/home/site/wwwroot/dist\assets\chunk-QN33PNHL-O59_OMPG.js&quot;: Invalid argument (22)
rsync: [generator] recv_generator: failed to stat &quot;/home/site/wwwroot/dist\assets\index-DX6hN0jb.css&quot;: Invalid argument (22)
rsync: [generator] recv_generator: failed to stat &quot;/home/site/wwwroot/dist\assets\min-CmGAg9iK.js&quot;: Invalid argument (22)
rsync: [generator] recv_generator: failed to stat &quot;/home/site/wwwroot/dist\assets\source-sans-pro-italic-CRcsOvyS.ttf&quot;: Invalid argument (22)
rsync: [generator] recv_generator: failed to stat &quot;/home/site/wwwroot/dist\assets\source-sans-pro-italic-Cv9m8hC5.woff&quot;: Invalid argument (22)
rsync: [generator] recv_generator: failed to stat &quot;/home/site/wwwroot/dist\assets\source-sans-pro-semibold-J0UDcmCq.ttf&quot;: Invalid argument (22)
rsync: [generator] recv_generator: failed to stat &quot;/home/site/wwwroot/dist\assets\source-sans-pro-semibolditalic-DCTsihXp.eot&quot;: Invalid argument (22)
rsync: [generator] recv_generator: failed to stat &quot;/home/site/wwwroot/dist\favicon.ico&quot;: Invalid argument (22)
rsync error: some files/attrs were not transferred (see previous errors) (code 23) at main.c(1338) [sender=3.2.7]
rsync error: some files/attrs were not transferred (see previous errors) (code 23) at main.c(1338) [sender=3.2.7]
rsync error: some files/attrs were not transferred (see previous errors) (code 23) at main.c(1338) [sender=3.2.7]
rsync error: some files/attrs were not transferred (see previous errors) (code 23) at main.c(1338) [sender=3.2.7]
rsync error: some files/attrs were not transferred (see previous errors) (code 23) at main.c(1338) [sender=3.2.7]
rsync error: some files/attrs were not transferred (see previous errors) (code 23) at main.c(1338) [sender=3.2.7]
/opt/Kudu/Scripts/starter.sh /opt/Kudu/Scripts/parallel_rsync.sh /tmp/zipdeploy/extracted /home/site/wwwroot 8 /tmp/ False True  
   at Kudu.Core.Infrastructure.Executable.ExecuteInternal(ITracer tracer, Func`2 onWriteOutput, Func`2 onWriteError, CancellationToken token, Encoding encoding, String arguments, Object[] args) in /tmp/KuduLite/Kudu.Core/Infrastructure/Executable.cs:line 239
   at Kudu.Core.Infrastructure.Executable.ExecuteWithProgressWriter(ILogger logger, ITracer tracer, CancellationToken token, String arguments, Object[] args) in /tmp/KuduLite/Kudu.Core/Infrastructure/Executable.cs:line 118
   at Kudu.Core.Deployment.Generator.ExternalCommandBuilder.RunCommand(DeploymentContext context, String command, Boolean ignoreManifest, CancellationToken token, String message) in /tmp/KuduLite/Kudu.Core/Deployment/Generator/ExternalCommandBuilder.cs:line 122
   at Kudu.Core.Deployment.Generator.GeneratorSiteBuilder.Build(DeploymentContext context, CancellationToken token) in /tmp/KuduLite/Kudu.Core/Deployment/Generator/GeneratorSiteBuilder.cs:line 70" /><!-- duration: 21ms -->
              <step title="Generating deployment script" date="2026-01-16T11:22:02.983" >
                <step title="Using cached version of the deployment script for command: -y --no-dot-deployment -r &quot;/tmp/zipdeploy/extracted&quot; -o &quot;/home/site/deployments/tools&quot; --basic --sitePath &quot;/tmp/zipdeploy/extracted&quot;" date="2026-01-16T11:22:03.397" /><!-- duration: 19ms -->
              </step><!-- duration: 561ms -->
              <step title="Executing external process" date="2026-01-16T11:22:04.213" type="process" path="starter.sh" arguments="&quot;/home/site/deployments/tools/deploy.sh&quot;" >
                <step title="Process dump" date="2026-01-16T11:22:07.509" exitCode="1" type="processOutput" /><!-- duration: 39ms -->
              </step><!-- duration: 3371ms -->
              <step title="Error occurred" date="2026-01-16T11:22:07.633" type="error" text="
/opt/Kudu/Scripts/starter.sh &quot;/home/site/deployments/tools/deploy.sh&quot;" stackTrace="   at Kudu.Core.Infrastructure.Executable.ExecuteInternal(ITracer tracer, Func`2 onWriteOutput, Func`2 onWriteError, CancellationToken token, Encoding encoding, String arguments, Object[] args) in /tmp/KuduLite/Kudu.Core/Infrastructure/Executable.cs:line 239
   at Kudu.Core.Infrastructure.Executable.ExecuteWithProgressWriter(ILogger logger, ITracer tracer, CancellationToken token, String arguments, Object[] args) in /tmp/KuduLite/Kudu.Core/Infrastructure/Executable.cs:line 118
   at Kudu.Core.Deployment.Generator.ExternalCommandBuilder.RunCommand(DeploymentContext context, String command, Boolean ignoreManifest, CancellationToken token, String message) in /tmp/KuduLite/Kudu.Core/Deployment/Generator/ExternalCommandBuilder.cs:line 122" /><!-- duration: 26ms -->
              <step title="Error occurred" date="2026-01-16T11:22:07.716" type="error" text="
/opt/Kudu/Scripts/starter.sh &quot;/home/site/deployments/tools/deploy.sh&quot;" stackTrace="   at Kudu.Core.Infrastructure.Executable.ExecuteInternal(ITracer tracer, Func`2 onWriteOutput, Func`2 onWriteError, CancellationToken token, Encoding encoding, String arguments, Object[] args) in /tmp/KuduLite/Kudu.Core/Infrastructure/Executable.cs:line 239
   at Kudu.Core.Infrastructure.Executable.ExecuteWithProgressWriter(ILogger logger, ITracer tracer, CancellationToken token, String arguments, Object[] args) in /tmp/KuduLite/Kudu.Core/Infrastructure/Executable.cs:line 118
   at Kudu.Core.Deployment.Generator.ExternalCommandBuilder.RunCommand(DeploymentContext context, String command, Boolean ignoreManifest, CancellationToken token, String message) in /tmp/KuduLite/Kudu.Core/Deployment/Generator/ExternalCommandBuilder.cs:line 122
   at Kudu.Core.Deployment.Generator.GeneratorSiteBuilder.Build(DeploymentContext context, CancellationToken token) in /tmp/KuduLite/Kudu.Core/Deployment/Generator/GeneratorSiteBuilder.cs:line 96
--- End of stack trace from previous location ---
   at Kudu.Core.Deployment.DeploymentManager.Build(ChangeSet changeSet, ITracer tracer, IDisposable deployStep, IRepository repository, DeploymentInfoBase deploymentInfo, DeploymentAnalytics deploymentAnalytics, Boolean fullBuildByDefault, CancellationToken cancellationToken) in /tmp/KuduLite/Kudu.Core/Deployment/DeploymentManager.cs:line 771" /><!-- duration: 37ms -->
              <step title="Purge deployment items" date="2026-01-16T11:22:09.512" >
                <step title="Remove 62577de8-, Failed, received at 01/16/2026 11:19:11" date="2026-01-16T11:22:09.816" /><!-- duration: 27ms -->
              </step><!-- duration: 350ms -->
            </step><!-- duration: 24264ms -->
          </step><!-- duration: 24648ms -->
          <step title="Error occurred" date="2026-01-16T11:22:09.939" type="error" text="
/opt/Kudu/Scripts/starter.sh &quot;/home/site/deployments/tools/deploy.sh&quot;" stackTrace="   at Kudu.Core.Infrastructure.Executable.ExecuteInternal(ITracer tracer, Func`2 onWriteOutput, Func`2 onWriteError, CancellationToken token, Encoding encoding, String arguments, Object[] args) in /tmp/KuduLite/Kudu.Core/Infrastructure/Executable.cs:line 239
   at Kudu.Core.Infrastructure.Executable.ExecuteWithProgressWriter(ILogger logger, ITracer tracer, CancellationToken token, String arguments, Object[] args) in /tmp/KuduLite/Kudu.Core/Infrastructure/Executable.cs:line 118
   at Kudu.Core.Deployment.Generator.ExternalCommandBuilder.RunCommand(DeploymentContext context, String command, Boolean ignoreManifest, CancellationToken token, String message) in /tmp/KuduLite/Kudu.Core/Deployment/Generator/ExternalCommandBuilder.cs:line 122
   at Kudu.Core.Deployment.Generator.GeneratorSiteBuilder.Build(DeploymentContext context, CancellationToken token) in /tmp/KuduLite/Kudu.Core/Deployment/Generator/GeneratorSiteBuilder.cs:line 96
--- End of stack trace from previous location ---
   at Kudu.Core.Deployment.DeploymentManager.Build(ChangeSet changeSet, ITracer tracer, IDisposable deployStep, IRepository repository, DeploymentInfoBase deploymentInfo, DeploymentAnalytics deploymentAnalytics, Boolean fullBuildByDefault, CancellationToken cancellationToken) in /tmp/KuduLite/Kudu.Core/Deployment/DeploymentManager.cs:line 771
   at Kudu.Core.Deployment.DeploymentManager.Build(ChangeSet changeSet, ITracer tracer, IDisposable deployStep, IRepository repository, DeploymentInfoBase deploymentInfo, DeploymentAnalytics deploymentAnalytics, Boolean fullBuildByDefault, CancellationToken cancellationToken) in /tmp/KuduLite/Kudu.Core/Deployment/DeploymentManager.cs:line 840" /><!-- duration: 35ms -->
          <step title="Cleaning up temp files" date="2026-01-16T11:22:10.124" /><!-- duration: 17ms -->
          <step title="Cleaning up temp files" date="2026-01-16T11:22:10.152" /><!-- duration: 563ms -->
          <step title="Error occurred" date="2026-01-16T11:22:10.905" type="error" text="
/opt/Kudu/Scripts/starter.sh &quot;/home/site/deployments/tools/deploy.sh&quot;" stackTrace="   at Kudu.Core.Infrastructure.Executable.ExecuteInternal(ITracer tracer, Func`2 onWriteOutput, Func`2 onWriteError, CancellationToken token, Encoding encoding, String arguments, Object[] args) in /tmp/KuduLite/Kudu.Core/Infrastructure/Executable.cs:line 239
   at Kudu.Core.Infrastructure.Executable.ExecuteWithProgressWriter(ILogger logger, ITracer tracer, CancellationToken token, String arguments, Object[] args) in /tmp/KuduLite/Kudu.Core/Infrastructure/Executable.cs:line 118
   at Kudu.Core.Deployment.Generator.ExternalCommandBuilder.RunCommand(DeploymentContext context, String command, Boolean ignoreManifest, CancellationToken token, String message) in /tmp/KuduLite/Kudu.Core/Deployment/Generator/ExternalCommandBuilder.cs:line 122
   at Kudu.Core.Deployment.Generator.GeneratorSiteBuilder.Build(DeploymentContext context, CancellationToken token) in /tmp/KuduLite/Kudu.Core/Deployment/Generator/GeneratorSiteBuilder.cs:line 96
--- End of stack trace from previous location ---
   at Kudu.Core.Deployment.DeploymentManager.Build(ChangeSet changeSet, ITracer tracer, IDisposable deployStep, IRepository repository, DeploymentInfoBase deploymentInfo, DeploymentAnalytics deploymentAnalytics, Boolean fullBuildByDefault, CancellationToken cancellationToken) in /tmp/KuduLite/Kudu.Core/Deployment/DeploymentManager.cs:line 771
   at Kudu.Core.Deployment.DeploymentManager.Build(ChangeSet changeSet, ITracer tracer, IDisposable deployStep, IRepository repository, DeploymentInfoBase deploymentInfo, DeploymentAnalytics deploymentAnalytics, Boolean fullBuildByDefault, CancellationToken cancellationToken) in /tmp/KuduLite/Kudu.Core/Deployment/DeploymentManager.cs:line 840
   at Kudu.Core.Deployment.DeploymentManager.DeployAsync(IRepository repository, ChangeSet changeSet, String deployer, Boolean clean, DeploymentInfoBase deploymentInfo, Boolean needFileUpdate, Boolean fullBuildByDefault) in /tmp/KuduLite/Kudu.Core/Deployment/DeploymentManager.cs:line 266" /><!-- duration: 31ms -->
        </step><!-- duration: 25928ms -->
        <step title="Reloading status file with latest updates" date="2026-01-16T11:22:11.077" >
          <step title="WebHooksManager.PublishEventAsync: PostDeployment" date="2026-01-16T11:22:11.105" /><!-- duration: 126ms -->
        </step><!-- duration: 171ms -->
        <step title="Error occurred" date="2026-01-16T11:22:11.283" type="error" text="
/opt/Kudu/Scripts/starter.sh &quot;/home/site/deployments/tools/deploy.sh&quot;" stackTrace="   at Kudu.Core.Infrastructure.Executable.ExecuteInternal(ITracer tracer, Func`2 onWriteOutput, Func`2 onWriteError, CancellationToken token, Encoding encoding, String arguments, Object[] args) in /tmp/KuduLite/Kudu.Core/Infrastructure/Executable.cs:line 239
   at Kudu.Core.Infrastructure.Executable.ExecuteWithProgressWriter(ILogger logger, ITracer tracer, CancellationToken token, String arguments, Object[] args) in /tmp/KuduLite/Kudu.Core/Infrastructure/Executable.cs:line 118
   at Kudu.Core.Deployment.Generator.ExternalCommandBuilder.RunCommand(DeploymentContext context, String command, Boolean ignoreManifest, CancellationToken token, String message) in /tmp/KuduLite/Kudu.Core/Deployment/Generator/ExternalCommandBuilder.cs:line 122
   at Kudu.Core.Deployment.Generator.GeneratorSiteBuilder.Build(DeploymentContext context, CancellationToken token) in /tmp/KuduLite/Kudu.Core/Deployment/Generator/GeneratorSiteBuilder.cs:line 96
--- End of stack trace from previous location ---
   at Kudu.Core.Deployment.DeploymentManager.Build(ChangeSet changeSet, ITracer tracer, IDisposable deployStep, IRepository repository, DeploymentInfoBase deploymentInfo, DeploymentAnalytics deploymentAnalytics, Boolean fullBuildByDefault, CancellationToken cancellationToken) in /tmp/KuduLite/Kudu.Core/Deployment/DeploymentManager.cs:line 771
   at Kudu.Core.Deployment.DeploymentManager.Build(ChangeSet changeSet, ITracer tracer, IDisposable deployStep, IRepository repository, DeploymentInfoBase deploymentInfo, DeploymentAnalytics deploymentAnalytics, Boolean fullBuildByDefault, CancellationToken cancellationToken) in /tmp/KuduLite/Kudu.Core/Deployment/DeploymentManager.cs:line 840
   at Kudu.Core.Deployment.DeploymentManager.DeployAsync(IRepository repository, ChangeSet changeSet, String deployer, Boolean clean, DeploymentInfoBase deploymentInfo, Boolean needFileUpdate, Boolean fullBuildByDefault) in /tmp/KuduLite/Kudu.Core/Deployment/DeploymentManager.cs:line 266" /><!-- duration: 20ms -->
        <step title="Marking deployment as failed and cleaning up the temp deployment" date="2026-01-16T11:22:11.408" /><!-- duration: 18ms -->
      </step><!-- duration: 29208ms -->
      <step title="Error occurred" date="2026-01-16T11:22:11.859" type="error" text="One or more errors occurred. (Deployment failed)" stackTrace="   at System.Threading.Tasks.Task.ThrowIfExceptional(Boolean includeTaskCanceledExceptions)
   at System.Threading.Tasks.Task.Wait(Int32 millisecondsTimeout, CancellationToken cancellationToken)
   at System.Threading.Tasks.Task.Wait()
   at Kudu.Core.Deployment.FetchDeploymentManager.&lt;&gt;c__DisplayClass22_1.&lt;PerformBackgroundDeployment&gt;b__3() in /tmp/KuduLite/Kudu.Core/Deployment/FetchDeploymentManager.cs:line 414
   at Kudu.Contracts.Infrastructure.LockExtensions.TryLockOperation(IOperationLock lockObj, Action operation, String operationName, TimeSpan timeout) in /tmp/KuduLite/Kudu.Contracts/Infrastructure/LockExtensions.cs:line 34
   at Kudu.Contracts.Infrastructure.LockExtensions.LockOperation(IOperationLock lockObj, Action operation, String operationName, TimeSpan timeout) in /tmp/KuduLite/Kudu.Contracts/Infrastructure/LockExtensions.cs:line 46
   at Kudu.Core.Deployment.FetchDeploymentManager.&lt;&gt;c__DisplayClass22_0.&lt;PerformBackgroundDeployment&gt;b__1() in /tmp/KuduLite/Kudu.Core/Deployment/FetchDeploymentManager.cs:line 393" innerText="Deployment failed" innerStackTrace="   at Kudu.Core.Deployment.DeploymentManager.DeployAsync(IRepository repository, ChangeSet changeSet, String deployer, Boolean clean, DeploymentInfoBase deploymentInfo, Boolean needFileUpdate, Boolean fullBuildByDefault) in /tmp/KuduLite/Kudu.Core/Deployment/DeploymentManager.cs:line 307
   at Kudu.Core.Deployment.FetchDeploymentManager.PerformDeployment(DeploymentInfoBase deploymentInfo, IDisposable tempDeployment, ChangeSet tempChangeSet, DeployStatusApiResult updateStatusObj) in /tmp/KuduLite/Kudu.Core/Deployment/FetchDeploymentManager.cs:line 230" /><!-- duration: 29ms -->
    </step><!-- duration: 29513ms -->
