<step title="BackgroundTrace" date="2026-01-16T11:26:09.512" instance="7d4ee3" url="/api/zipdeploy" method="POST" >
  <step title="Creating temporary deployment - FetchDeploymentManager" date="2026-01-16T11:26:09.606" /><!-- duration: 2ms -->
  <step title="Creating temporary deployment" date="2026-01-16T11:26:09.612" /><!-- duration: 56ms -->
  <step title="Performing fetch based deployment" date="2026-01-16T11:26:09.879" >
    <step title="Cleaning up temp folders from previous zip deployments and extracting pushed zip file /tmp/zipdeploy/5415317e-dd58-469a-b8d7-3fd8f725ea63.zip (3.00 MB) to /tmp/zipdeploy/extracted" date="2026-01-16T11:26:11.144" >
      <step title="ChmodRecursive Process exited with total time taken in ms: 187" date="2026-01-16T11:26:11.755" /><!-- duration: 3ms -->
    </step><!-- duration: 631ms -->
    <step title="Deployment timer started" date="2026-01-16T11:26:13.813" >
      <step title="DeploymentManager.Deploy(id:2714b10e-296c-41e4-a0a0-d46b16e7b566)" date="2026-01-16T11:26:13.838" >
        <step title="Collecting changeset information" date="2026-01-16T11:26:13.897" /><!-- duration: 181ms -->
        <step title="Updating submodules" date="2026-01-16T11:26:14.082" /><!-- duration: 1118ms -->
        <step title="Determining deployment builder" date="2026-01-16T11:26:15.438" >
          <step title="Builder is OryxBuilder" date="2026-01-16T11:26:15.452" /><!-- duration: 8ms -->
        </step><!-- duration: 33ms -->
        <step title="PreDeployment: context.CleanOutputPath False" date="2026-01-16T11:26:15.575" >
          <step title="PreDeployment: context.OutputPath /home/site/wwwroot" date="2026-01-16T11:26:15.727" >
            <step title="Building" date="2026-01-16T11:26:15.857" >
              <step title="Executing external process" date="2026-01-16T11:26:16.289" type="process" path="bash" arguments="-c &quot;oryx build /tmp/zipdeploy/extracted -o /home/site/wwwroot --platform nodejs --platform-version 20 -p virtualenv_name= --log-file /tmp/build-debug.log  -i /tmp/8de54f20fa9bc19 -p compress_node_modules=tar-gz | tee /tmp/oryx-build.log ; exit $PIPESTATUS &quot;" >
                <step title="Cpu: npm install(976,29.650s)+build.sh(880,0.080s)+oryx(859,8.860s)+tee(860,0.010s)+bash(858,0.000s)=total(38.580s)" date="2026-01-16T11:27:45.441" /><!-- duration: 65ms -->
                <step title="bash: no io activity for 61s, prev-cpu=-1.000s, current-cpu=38.580s" date="2026-01-16T11:27:45.536" /><!-- duration: 81ms -->
                <step title="Cpu: npm install(976,102.280s)+build.sh(880,0.080s)+oryx(859,9.120s)+tee(860,0.010s)+bash(858,0.000s)=total(111.490s)" date="2026-01-16T11:29:38.235" /><!-- duration: 11ms -->
                <step title="bash: no io activity for 60s, prev-cpu=-1.000s, current-cpu=111.490s" date="2026-01-16T11:29:38.270" /><!-- duration: 9ms -->
                <step title="Cpu: npm install(976,136.050s)+build.sh(880,0.080s)+oryx(859,9.240s)+tee(860,0.010s)+bash(858,0.000s)=total(145.370s)" date="2026-01-16T11:30:38.714" /><!-- duration: 9ms -->
                <step title="bash: no io activity for 121s, prev-cpu=111.490s, current-cpu=145.370s" date="2026-01-16T11:30:38.742" /><!-- duration: 38ms -->
                <step title="Process dump" date="2026-01-16T11:31:03.644" exitCode="1" type="processOutput" /><!-- duration: 6ms -->
              </step><!-- duration: 287378ms -->
              <step title="Error occurred" date="2026-01-16T11:31:03.752" type="error" text="npm warn deprecated node-domexception@1.0.0: Use your platform&apos;s native DOMException instead
npm notice
npm notice New major version of npm available! 10.8.2 -&gt; 11.7.0
npm notice Changelog: https://github.com/npm/cli/releases/tag/v11.7.0
npm notice To update run: npm install -g npm@11.7.0
npm notice
✗ Build failed in 263ms
error during build:
Could not resolve entry module &quot;index.html&quot;.
    at getRollupError (file:///tmp/8de54f20fa9bc19/node_modules/rollup/dist/es/shared/parseAst.js:401:41)
    at error (file:///tmp/8de54f20fa9bc19/node_modules/rollup/dist/es/shared/parseAst.js:397:42)
    at ModuleLoader.loadEntryModule (file:///tmp/8de54f20fa9bc19/node_modules/rollup/dist/es/shared/node-entry.js:21731:20)
    at async Promise.all (index 0)
/bin/bash -c &quot;oryx build /tmp/zipdeploy/extracted -o /home/site/wwwroot --platform nodejs --platform-version 20 -p virtualenv_name= --log-file /tmp/build-debug.log  -i /tmp/8de54f20fa9bc19 -p compress_node_modules=tar-gz | tee /tmp/oryx-build.log ; exit $PIPESTATUS &quot;" stackTrace="   at Kudu.Core.Infrastructure.Executable.ExecuteInternal(ITracer tracer, Func`2 onWriteOutput, Func`2 onWriteError, CancellationToken token, Encoding encoding, String arguments, Object[] args) in /tmp/KuduLite/Kudu.Core/Infrastructure/Executable.cs:line 239
   at Kudu.Core.Infrastructure.Executable.ExecuteWithProgressWriter(ILogger logger, ITracer tracer, CancellationToken token, String arguments, Object[] args) in /tmp/KuduLite/Kudu.Core/Infrastructure/Executable.cs:line 118
   at Kudu.Core.Deployment.Generator.ExternalCommandBuilder.RunCommand(DeploymentContext context, String command, Boolean ignoreManifest, CancellationToken token, String message) in /tmp/KuduLite/Kudu.Core/Deployment/Generator/ExternalCommandBuilder.cs:line 122" /><!-- duration: 4ms -->
              <step title="Error occurred" date="2026-01-16T11:31:03.812" type="error" text="npm warn deprecated node-domexception@1.0.0: Use your platform&apos;s native DOMException instead
npm notice
npm notice New major version of npm available! 10.8.2 -&gt; 11.7.0
npm notice Changelog: https://github.com/npm/cli/releases/tag/v11.7.0
npm notice To update run: npm install -g npm@11.7.0
npm notice
✗ Build failed in 263ms
error during build:
Could not resolve entry module &quot;index.html&quot;.
    at getRollupError (file:///tmp/8de54f20fa9bc19/node_modules/rollup/dist/es/shared/parseAst.js:401:41)
    at error (file:///tmp/8de54f20fa9bc19/node_modules/rollup/dist/es/shared/parseAst.js:397:42)
    at ModuleLoader.loadEntryModule (file:///tmp/8de54f20fa9bc19/node_modules/rollup/dist/es/shared/node-entry.js:21731:20)
    at async Promise.all (index 0)
/bin/bash -c &quot;oryx build /tmp/zipdeploy/extracted -o /home/site/wwwroot --platform nodejs --platform-version 20 -p virtualenv_name= --log-file /tmp/build-debug.log  -i /tmp/8de54f20fa9bc19 -p compress_node_modules=tar-gz | tee /tmp/oryx-build.log ; exit $PIPESTATUS &quot;" stackTrace="   at Kudu.Core.Infrastructure.Executable.ExecuteInternal(ITracer tracer, Func`2 onWriteOutput, Func`2 onWriteError, CancellationToken token, Encoding encoding, String arguments, Object[] args) in /tmp/KuduLite/Kudu.Core/Infrastructure/Executable.cs:line 239
   at Kudu.Core.Infrastructure.Executable.ExecuteWithProgressWriter(ILogger logger, ITracer tracer, CancellationToken token, String arguments, Object[] args) in /tmp/KuduLite/Kudu.Core/Infrastructure/Executable.cs:line 118
   at Kudu.Core.Deployment.Generator.ExternalCommandBuilder.RunCommand(DeploymentContext context, String command, Boolean ignoreManifest, CancellationToken token, String message) in /tmp/KuduLite/Kudu.Core/Deployment/Generator/ExternalCommandBuilder.cs:line 122
   at Kudu.Core.Deployment.Generator.OryxBuilder.RunBuildCommand(IOryxArguments args, DeploymentContext context, CancellationToken token) in /tmp/KuduLite/Kudu.Core/Deployment/Generator/OryxBuilder.cs:line 295
   at Kudu.Core.Deployment.Generator.OryxBuilder.Build(DeploymentContext context, CancellationToken token) in /tmp/KuduLite/Kudu.Core/Deployment/Generator/OryxBuilder.cs:line 136
   at Kudu.Core.Deployment.DeploymentManager.Build(ChangeSet changeSet, ITracer tracer, IDisposable deployStep, IRepository repository, DeploymentInfoBase deploymentInfo, DeploymentAnalytics deploymentAnalytics, Boolean fullBuildByDefault, CancellationToken cancellationToken) in /tmp/KuduLite/Kudu.Core/Deployment/DeploymentManager.cs:line 771" /><!-- duration: 5ms -->
              <step title="Using GenericDeploymentLogParser" date="2026-01-16T11:31:04.281" /><!-- duration: 3ms -->
              <step title="Purge deployment items" date="2026-01-16T11:31:07.384" >
                <step title="Remove 8d0258e4-, Failed, received at 01/16/2026 11:21:42" date="2026-01-16T11:31:07.461" /><!-- duration: 3ms -->
              </step><!-- duration: 86ms -->
            </step><!-- duration: 291620ms -->
          </step><!-- duration: 291777ms -->
          <step title="Error occurred" date="2026-01-16T11:31:07.509" type="error" text="npm warn deprecated node-domexception@1.0.0: Use your platform&apos;s native DOMException instead
npm notice
npm notice New major version of npm available! 10.8.2 -&gt; 11.7.0
npm notice Changelog: https://github.com/npm/cli/releases/tag/v11.7.0
npm notice To update run: npm install -g npm@11.7.0
npm notice
✗ Build failed in 263ms
error during build:
Could not resolve entry module &quot;index.html&quot;.
    at getRollupError (file:///tmp/8de54f20fa9bc19/node_modules/rollup/dist/es/shared/parseAst.js:401:41)
    at error (file:///tmp/8de54f20fa9bc19/node_modules/rollup/dist/es/shared/parseAst.js:397:42)
    at ModuleLoader.loadEntryModule (file:///tmp/8de54f20fa9bc19/node_modules/rollup/dist/es/shared/node-entry.js:21731:20)
    at async Promise.all (index 0)
/bin/bash -c &quot;oryx build /tmp/zipdeploy/extracted -o /home/site/wwwroot --platform nodejs --platform-version 20 -p virtualenv_name= --log-file /tmp/build-debug.log  -i /tmp/8de54f20fa9bc19 -p compress_node_modules=tar-gz | tee /tmp/oryx-build.log ; exit $PIPESTATUS &quot;" stackTrace="   at Kudu.Core.Infrastructure.Executable.ExecuteInternal(ITracer tracer, Func`2 onWriteOutput, Func`2 onWriteError, CancellationToken token, Encoding encoding, String arguments, Object[] args) in /tmp/KuduLite/Kudu.Core/Infrastructure/Executable.cs:line 239
   at Kudu.Core.Infrastructure.Executable.ExecuteWithProgressWriter(ILogger logger, ITracer tracer, CancellationToken token, String arguments, Object[] args) in /tmp/KuduLite/Kudu.Core/Infrastructure/Executable.cs:line 118
   at Kudu.Core.Deployment.Generator.ExternalCommandBuilder.RunCommand(DeploymentContext context, String command, Boolean ignoreManifest, CancellationToken token, String message) in /tmp/KuduLite/Kudu.Core/Deployment/Generator/ExternalCommandBuilder.cs:line 122
   at Kudu.Core.Deployment.Generator.OryxBuilder.RunBuildCommand(IOryxArguments args, DeploymentContext context, CancellationToken token) in /tmp/KuduLite/Kudu.Core/Deployment/Generator/OryxBuilder.cs:line 295
   at Kudu.Core.Deployment.Generator.OryxBuilder.Build(DeploymentContext context, CancellationToken token) in /tmp/KuduLite/Kudu.Core/Deployment/Generator/OryxBuilder.cs:line 136
   at Kudu.Core.Deployment.DeploymentManager.Build(ChangeSet changeSet, ITracer tracer, IDisposable deployStep, IRepository repository, DeploymentInfoBase deploymentInfo, DeploymentAnalytics deploymentAnalytics, Boolean fullBuildByDefault, CancellationToken cancellationToken) in /tmp/KuduLite/Kudu.Core/Deployment/DeploymentManager.cs:line 771
   at Kudu.Core.Deployment.DeploymentManager.Build(ChangeSet changeSet, ITracer tracer, IDisposable deployStep, IRepository repository, DeploymentInfoBase deploymentInfo, DeploymentAnalytics deploymentAnalytics, Boolean fullBuildByDefault, CancellationToken cancellationToken) in /tmp/KuduLite/Kudu.Core/Deployment/DeploymentManager.cs:line 840" /><!-- duration: 5ms -->
          <step title="Cleaning up temp files" date="2026-01-16T11:31:07.638" /><!-- duration: 12996ms -->
          <step title="Cleaning up temp files" date="2026-01-16T11:31:20.638" /><!-- duration: 512ms -->
          <step title="Error occurred" date="2026-01-16T11:31:21.177" type="error" text="npm warn deprecated node-domexception@1.0.0: Use your platform&apos;s native DOMException instead
npm notice
npm notice New major version of npm available! 10.8.2 -&gt; 11.7.0
npm notice Changelog: https://github.com/npm/cli/releases/tag/v11.7.0
npm notice To update run: npm install -g npm@11.7.0
npm notice
✗ Build failed in 263ms
error during build:
Could not resolve entry module &quot;index.html&quot;.
    at getRollupError (file:///tmp/8de54f20fa9bc19/node_modules/rollup/dist/es/shared/parseAst.js:401:41)
    at error (file:///tmp/8de54f20fa9bc19/node_modules/rollup/dist/es/shared/parseAst.js:397:42)
    at ModuleLoader.loadEntryModule (file:///tmp/8de54f20fa9bc19/node_modules/rollup/dist/es/shared/node-entry.js:21731:20)
    at async Promise.all (index 0)
/bin/bash -c &quot;oryx build /tmp/zipdeploy/extracted -o /home/site/wwwroot --platform nodejs --platform-version 20 -p virtualenv_name= --log-file /tmp/build-debug.log  -i /tmp/8de54f20fa9bc19 -p compress_node_modules=tar-gz | tee /tmp/oryx-build.log ; exit $PIPESTATUS &quot;" stackTrace="   at Kudu.Core.Infrastructure.Executable.ExecuteInternal(ITracer tracer, Func`2 onWriteOutput, Func`2 onWriteError, CancellationToken token, Encoding encoding, String arguments, Object[] args) in /tmp/KuduLite/Kudu.Core/Infrastructure/Executable.cs:line 239
   at Kudu.Core.Infrastructure.Executable.ExecuteWithProgressWriter(ILogger logger, ITracer tracer, CancellationToken token, String arguments, Object[] args) in /tmp/KuduLite/Kudu.Core/Infrastructure/Executable.cs:line 118
   at Kudu.Core.Deployment.Generator.ExternalCommandBuilder.RunCommand(DeploymentContext context, String command, Boolean ignoreManifest, CancellationToken token, String message) in /tmp/KuduLite/Kudu.Core/Deployment/Generator/ExternalCommandBuilder.cs:line 122
   at Kudu.Core.Deployment.Generator.OryxBuilder.RunBuildCommand(IOryxArguments args, DeploymentContext context, CancellationToken token) in /tmp/KuduLite/Kudu.Core/Deployment/Generator/OryxBuilder.cs:line 295
   at Kudu.Core.Deployment.Generator.OryxBuilder.Build(DeploymentContext context, CancellationToken token) in /tmp/KuduLite/Kudu.Core/Deployment/Generator/OryxBuilder.cs:line 136
   at Kudu.Core.Deployment.DeploymentManager.Build(ChangeSet changeSet, ITracer tracer, IDisposable deployStep, IRepository repository, DeploymentInfoBase deploymentInfo, DeploymentAnalytics deploymentAnalytics, Boolean fullBuildByDefault, CancellationToken cancellationToken) in /tmp/KuduLite/Kudu.Core/Deployment/DeploymentManager.cs:line 771
   at Kudu.Core.Deployment.DeploymentManager.Build(ChangeSet changeSet, ITracer tracer, IDisposable deployStep, IRepository repository, DeploymentInfoBase deploymentInfo, DeploymentAnalytics deploymentAnalytics, Boolean fullBuildByDefault, CancellationToken cancellationToken) in /tmp/KuduLite/Kudu.Core/Deployment/DeploymentManager.cs:line 840
   at Kudu.Core.Deployment.DeploymentManager.DeployAsync(IRepository repository, ChangeSet changeSet, String deployer, Boolean clean, DeploymentInfoBase deploymentInfo, Boolean needFileUpdate, Boolean fullBuildByDefault) in /tmp/KuduLite/Kudu.Core/Deployment/DeploymentManager.cs:line 266" /><!-- duration: 10ms -->
        </step><!-- duration: 305620ms -->
        <step title="Reloading status file with latest updates" date="2026-01-16T11:31:21.260" >
          <step title="WebHooksManager.PublishEventAsync: PostDeployment" date="2026-01-16T11:31:21.265" /><!-- duration: 121ms -->
        </step><!-- duration: 128ms -->
        <step title="Error occurred" date="2026-01-16T11:31:21.392" type="error" text="npm warn deprecated node-domexception@1.0.0: Use your platform&apos;s native DOMException instead
npm notice
npm notice New major version of npm available! 10.8.2 -&gt; 11.7.0
npm notice Changelog: https://github.com/npm/cli/releases/tag/v11.7.0
npm notice To update run: npm install -g npm@11.7.0
npm notice
✗ Build failed in 263ms
error during build:
Could not resolve entry module &quot;index.html&quot;.
    at getRollupError (file:///tmp/8de54f20fa9bc19/node_modules/rollup/dist/es/shared/parseAst.js:401:41)
    at error (file:///tmp/8de54f20fa9bc19/node_modules/rollup/dist/es/shared/parseAst.js:397:42)
    at ModuleLoader.loadEntryModule (file:///tmp/8de54f20fa9bc19/node_modules/rollup/dist/es/shared/node-entry.js:21731:20)
    at async Promise.all (index 0)
/bin/bash -c &quot;oryx build /tmp/zipdeploy/extracted -o /home/site/wwwroot --platform nodejs --platform-version 20 -p virtualenv_name= --log-file /tmp/build-debug.log  -i /tmp/8de54f20fa9bc19 -p compress_node_modules=tar-gz | tee /tmp/oryx-build.log ; exit $PIPESTATUS &quot;" stackTrace="   at Kudu.Core.Infrastructure.Executable.ExecuteInternal(ITracer tracer, Func`2 onWriteOutput, Func`2 onWriteError, CancellationToken token, Encoding encoding, String arguments, Object[] args) in /tmp/KuduLite/Kudu.Core/Infrastructure/Executable.cs:line 239
   at Kudu.Core.Infrastructure.Executable.ExecuteWithProgressWriter(ILogger logger, ITracer tracer, CancellationToken token, String arguments, Object[] args) in /tmp/KuduLite/Kudu.Core/Infrastructure/Executable.cs:line 118
   at Kudu.Core.Deployment.Generator.ExternalCommandBuilder.RunCommand(DeploymentContext context, String command, Boolean ignoreManifest, CancellationToken token, String message) in /tmp/KuduLite/Kudu.Core/Deployment/Generator/ExternalCommandBuilder.cs:line 122
   at Kudu.Core.Deployment.Generator.OryxBuilder.RunBuildCommand(IOryxArguments args, DeploymentContext context, CancellationToken token) in /tmp/KuduLite/Kudu.Core/Deployment/Generator/OryxBuilder.cs:line 295
   at Kudu.Core.Deployment.Generator.OryxBuilder.Build(DeploymentContext context, CancellationToken token) in /tmp/KuduLite/Kudu.Core/Deployment/Generator/OryxBuilder.cs:line 136
   at Kudu.Core.Deployment.DeploymentManager.Build(ChangeSet changeSet, ITracer tracer, IDisposable deployStep, IRepository repository, DeploymentInfoBase deploymentInfo, DeploymentAnalytics deploymentAnalytics, Boolean fullBuildByDefault, CancellationToken cancellationToken) in /tmp/KuduLite/Kudu.Core/Deployment/DeploymentManager.cs:line 771
   at Kudu.Core.Deployment.DeploymentManager.Build(ChangeSet changeSet, ITracer tracer, IDisposable deployStep, IRepository repository, DeploymentInfoBase deploymentInfo, DeploymentAnalytics deploymentAnalytics, Boolean fullBuildByDefault, CancellationToken cancellationToken) in /tmp/KuduLite/Kudu.Core/Deployment/DeploymentManager.cs:line 840
   at Kudu.Core.Deployment.DeploymentManager.DeployAsync(IRepository repository, ChangeSet changeSet, String deployer, Boolean clean, DeploymentInfoBase deploymentInfo, Boolean needFileUpdate, Boolean fullBuildByDefault) in /tmp/KuduLite/Kudu.Core/Deployment/DeploymentManager.cs:line 266" /><!-- duration: 2ms -->
        <step title="Marking deployment as failed and cleaning up the temp deployment" date="2026-01-16T11:31:21.441" /><!-- duration: 2ms -->
      </step><!-- duration: 307716ms -->
      <step title="Error occurred" date="2026-01-16T11:31:21.568" type="error" text="One or more errors occurred. (Deployment failed)" stackTrace="   at System.Threading.Tasks.Task.ThrowIfExceptional(Boolean includeTaskCanceledExceptions)
   at System.Threading.Tasks.Task.Wait(Int32 millisecondsTimeout, CancellationToken cancellationToken)
   at System.Threading.Tasks.Task.Wait()
   at Kudu.Core.Deployment.FetchDeploymentManager.&lt;&gt;c__DisplayClass22_1.&lt;PerformBackgroundDeployment&gt;b__3() in /tmp/KuduLite/Kudu.Core/Deployment/FetchDeploymentManager.cs:line 414
   at Kudu.Contracts.Infrastructure.LockExtensions.TryLockOperation(IOperationLock lockObj, Action operation, String operationName, TimeSpan timeout) in /tmp/KuduLite/Kudu.Contracts/Infrastructure/LockExtensions.cs:line 34
   at Kudu.Contracts.Infrastructure.LockExtensions.LockOperation(IOperationLock lockObj, Action operation, String operationName, TimeSpan timeout) in /tmp/KuduLite/Kudu.Contracts/Infrastructure/LockExtensions.cs:line 46
   at Kudu.Core.Deployment.FetchDeploymentManager.&lt;&gt;c__DisplayClass22_0.&lt;PerformBackgroundDeployment&gt;b__1() in /tmp/KuduLite/Kudu.Core/Deployment/FetchDeploymentManager.cs:line 393" innerText="Deployment failed" innerStackTrace="   at Kudu.Core.Deployment.DeploymentManager.DeployAsync(IRepository repository, ChangeSet changeSet, String deployer, Boolean clean, DeploymentInfoBase deploymentInfo, Boolean needFileUpdate, Boolean fullBuildByDefault) in /tmp/KuduLite/Kudu.Core/Deployment/DeploymentManager.cs:line 307
   at Kudu.Core.Deployment.FetchDeploymentManager.PerformDeployment(DeploymentInfoBase deploymentInfo, IDisposable tempDeployment, ChangeSet tempChangeSet, DeployStatusApiResult updateStatusObj) in /tmp/KuduLite/Kudu.Core/Deployment/FetchDeploymentManager.cs:line 230" /><!-- duration: 3ms -->
    </step><!-- duration: 307761ms -->
