<step title="Incoming Request" date="2026-01-16T11:12:22.908" instance="7d4ee3" url="/api/publish?type=zip&amp;async=True" method="POST" type="request" pid="833,1,85" Accept="*/*" Host="app-landing-page-pro.scm.azurewebsites.net" User-Agent="AZURECLI/2.80.0 (MSI)" Accept-Encoding="gzip, deflate" Authorization="Bea..." Cache-Control="no-cache" Content-Type="application/octet-stream" Cookie="ARRAffinity=7d4ee311498b261eb996c3c5566ae5bbd227759952a6214551a3ab4312f134f3; ARRAffinitySameSite=7d4ee311498b261eb996c3c5566ae5bbd227759952a6214551a3ab4312f134f3" Content-Length="7772160" x-ms-client-request-id="3268fa7f-f2cc-11f0-b0c6-c4cb76967773" x-ms-artifact-checksum="cb541783b1e1102e52bd5abb72b10af4ac35a172b09b70c4d16b480d1ab5a3ab" X-ARR-LOG-ID="3268fa7f-f2cc-11f0-b0c6-c4cb76967773" CLIENT-IP="112.148.9.211:13157" X-SITE-DEPLOYMENT-ID="app-landing-page-pro" WAS-DEFAULT-HOSTNAME="app-landing-page-pro.scm.azurewebsites.net" X-Forwarded-Proto="https" X-AppService-Proto="https" X-Forwarded-TlsVersion="1.3" X-WAWS-Unencoded-URL="/api/publish?type=zip&amp;async=True" X-Client-IP="112.148.9.211" X-Client-Port="13157" >
  <step title="OneDeploy" date="2026-01-16T11:12:23.100" >
    <step title="Starting PushDeployAsync" date="2026-01-16T11:12:23.164" /><!-- duration: 9ms -->
    <step title="Removing node_modules symlink" date="2026-01-16T11:12:23.230" >
      <step title="Removing _del_node_modules symlink" date="2026-01-16T11:12:23.482" >
        <step title="Writing artifact to /tmp/zipdeploy/2018d2f6-6bd4-4488-99da-4ddaa26bb8d5.zip" date="2026-01-16T11:12:23.625" >
          <step title="Writing multipart request body to /tmp/zipdeploy/2018d2f6-6bd4-4488-99da-4ddaa26bb8d5.zip" date="2026-01-16T11:12:23.643" /><!-- duration: 29ms -->
        </step><!-- duration: 842ms -->
        <step title="Start deployment in the background" date="2026-01-16T11:12:24.488" >
          <step title="Acquiring Deployment Lock" date="2026-01-16T11:12:24.521" /><!-- duration: 3ms -->
          <step title="Acquired Deployment Lock" date="2026-01-16T11:12:24.569" /><!-- duration: 2ms -->
        </step><!-- duration: 170ms -->
      </step><!-- duration: 1194ms -->
      <step title="Outgoing response" date="2026-01-16T11:12:24.680" type="response" statusCode="202" statusText="Accepted" /><!-- duration: 11ms -->
    </step><!-- duration: 1471ms -->
