<step title="Incoming Request" date="2026-01-15T17:38:46.900" instance="7d4ee3" url="/api/publish?async=true&amp;deployer=GITHUB_ONE_DEPLOY&amp;type=zip&amp;message=%7B%22type%22%3A%22deployment%22%2C%22sha%22%3A%222a7ea8150c1b9b5c9c001676af8e9103171f6e38%22%2C%22repoName%22%3A%22mikary78%2Flanding-page-pro%22%2C%22actor%22%3A%22mikary78%22%2C%22slotName%22%3A%22production%22%2C%22commitMessage%22%3A%22Merge%20pull%20request%20%2323%20from%20mikary78%2Ffeature%2Fai-model-comparison-fixed%5Cn%5Cnfeat%3A%20Enhance%20course%20builder%20content%20generation%20and%20project%20cover%20fea%E2%80%A6%22%7D" method="POST" type="request" pid="833,1,27" Host="app-landing-page-pro.scm.azurewebsites.net" User-Agent="GITHUBACTIONS_DeployWebAppToAzure_644efeddaecd15a83f6575e6d1d63a56578d3d30a2a5d011262c6a63b84e42cb" Authorization="Bea..." Content-Type="application/octet-stream" Cookie="ARRAffinity=7d4ee311498b261eb996c3c5566ae5bbd227759952a6214551a3ab4312f134f3;Path=/;HttpOnly;Secure;Domain=app-landing-page-pro.scm.azurewebsites.net; ARRAffinitySameSite=7d4ee311498b261eb996c3c5566ae5bbd227759952a6214551a3ab4312f134f3;Path=/;HttpOnly;SameSite=None;Secure;Domain=app-landing-page-pro.scm.azurewebsites.net" Transfer-Encoding="chunked" X-ARR-LOG-ID="7fcdd57f-362f-4267-a759-d59463fb543b" CLIENT-IP="20.51.206.82:13312" X-SITE-DEPLOYMENT-ID="app-landing-page-pro" WAS-DEFAULT-HOSTNAME="app-landing-page-pro.scm.azurewebsites.net" X-Forwarded-Proto="https" X-AppService-Proto="https" X-Forwarded-TlsVersion="1.3" X-WAWS-Unencoded-URL="/api/publish?async=true&amp;deployer=GITHUB_ONE_DEPLOY&amp;type=zip&amp;message=%7B%22type%22%3A%22deployment%22%2C%22sha%22%3A%222a7ea8150c1b9b5c9c001676af8e9103171f6e38%22%2C%22repoName%22%3A%22mikary78%2Flanding-page-pro%22%2C%22actor%22%3A%22mikary78%22%2C%22slotName%22%3A%22production%22%2C%22commitMessage%22%3A%22Merge%20pull%20request%20%2323%20from%20mikary78%2Ffeature%2Fai-model-comparison-fixed%5Cn%5Cnfeat%3A%20Enhance%20course%20builder%20content%20generation%20and%20project%20cover%20fea%E2%80%A6%22%7D" X-Client-IP="20.51.206.82" X-Client-Port="13312" >
  <step title="Cleanup Xml Logs" date="2026-01-15T17:38:46.902" /><!-- duration: 5ms -->
  <step title="OneDeploy" date="2026-01-15T17:38:46.971" >
    <step title="Starting PushDeployAsync" date="2026-01-15T17:38:47.060" /><!-- duration: 6ms -->
    <step title="Removing node_modules symlink" date="2026-01-15T17:38:47.078" >
      <step title="Writing artifact to /tmp/zipdeploy/60bd05da-9698-4fe9-a86e-e81cf65e797b.zip" date="2026-01-15T17:38:47.173" >
        <step title="Writing multipart request body to /tmp/zipdeploy/60bd05da-9698-4fe9-a86e-e81cf65e797b.zip" date="2026-01-15T17:38:47.177" /><!-- duration: 15ms -->
      </step><!-- duration: 9508ms -->
      <step title="Start deployment in the background" date="2026-01-15T17:38:56.690" >
        <step title="Acquiring Deployment Lock" date="2026-01-15T17:38:56.761" /><!-- duration: 2ms -->
        <step title="Acquired Deployment Lock" date="2026-01-15T17:38:56.844" /><!-- duration: 2ms -->
      </step><!-- duration: 277ms -->
    </step><!-- duration: 9895ms -->
    <step title="Outgoing response" date="2026-01-15T17:38:56.985" type="response" statusCode="202" statusText="Accepted" /><!-- duration: 8ms -->
  </step><!-- duration: 10052ms -->
