<step title="Incoming Request" date="2026-01-16T11:46:36.056" instance="7d4ee3" url="/api/deployments/latest" method="GET" type="request" pid="833,1,25" Accept="*/*" Host="app-landing-page-pro.scm.azurewebsites.net" User-Agent="AZURECLI/2.80.0 (MSI)" Accept-Encoding="gzip, deflate" Authorization="Bea..." x-ms-client-request-id="fc27eb14-f2d0-11f0-9951-c4cb76967773" X-ARR-LOG-ID="fc27eb14-f2d0-11f0-9951-c4cb76967773" CLIENT-IP="112.148.9.211:6655" X-SITE-DEPLOYMENT-ID="app-landing-page-pro" WAS-DEFAULT-HOSTNAME="app-landing-page-pro.scm.azurewebsites.net" X-Forwarded-Proto="https" X-AppService-Proto="https" X-Forwarded-TlsVersion="1.3" X-WAWS-Unencoded-URL="/api/deployments/latest" X-Client-IP="112.148.9.211" X-Client-Port="6655" >
  <step title="Cleanup Xml Logs" date="2026-01-16T11:46:36.058" >
    <step title="Cleanup Infos" date="2026-01-16T11:46:36.082" totalFiles="240" totalCleanup="80" /><!-- duration: 3ms -->
  </step><!-- duration: 29ms -->
  <step title="DeploymentService.GetResult" date="2026-01-16T11:46:36.091" >
    <step title="DeploymentService.GetLatestDeployment" date="2026-01-16T11:46:36.093" >
      <step title="DeploymentManager.GetResults" date="2026-01-16T11:46:36.094" /><!-- duration: 648ms -->
    </step><!-- duration: 652ms -->
  </step><!-- duration: 656ms -->
  <step title="Outgoing response" date="2026-01-16T11:46:36.749" type="response" statusCode="202" statusText="Accepted" /><!-- duration: 4ms -->
</step><!-- duration: 700ms -->
