<step title="BackgroundTrace" date="2026-01-16T11:35:32.641" instance="7d4ee3" url="/api/zipdeploy" method="POST" >
  <step title="Creating temporary deployment - FetchDeploymentManager" date="2026-01-16T11:35:32.725" /><!-- duration: 6ms -->
  <step title="Creating temporary deployment" date="2026-01-16T11:35:32.740" /><!-- duration: 76ms -->
  <step title="Performing fetch based deployment" date="2026-01-16T11:35:32.866" >
    <step title="Cleaning up temp folders from previous zip deployments and extracting pushed zip file /tmp/zipdeploy/8f1300d8-35c1-468f-a9f5-3f148a91f500.zip (3.65 MB) to /tmp/zipdeploy/extracted" date="2026-01-16T11:35:34.016" >
      <step title="ChmodRecursive Process exited with total time taken in ms: 80" date="2026-01-16T11:35:35.068" /><!-- duration: 3ms -->
    </step><!-- duration: 1061ms -->
    <step title="Deployment timer started" date="2026-01-16T11:35:37.096" >
      <step title="DeploymentManager.Deploy(id:97838fbd-e5b4-4f00-b42d-31975dd15373)" date="2026-01-16T11:35:37.098" >
        <step title="Collecting changeset information" date="2026-01-16T11:35:37.120" /><!-- duration: 633ms -->
        <step title="Updating submodules" date="2026-01-16T11:35:37.756" /><!-- duration: 1128ms -->
        <step title="Determining deployment builder" date="2026-01-16T11:35:39.094" >
          <step title="Builder is BasicBuilder" date="2026-01-16T11:35:39.101" /><!-- duration: 2ms -->
        </step><!-- duration: 11ms -->
        <step title="PreDeployment: context.CleanOutputPath False" date="2026-01-16T11:35:39.158" >
          <step title="PreDeployment: context.OutputPath /home/site/wwwroot" date="2026-01-16T11:35:39.260" >
            <step title="Building" date="2026-01-16T11:35:39.394" >
              <step title="Executing external process" date="2026-01-16T11:35:39.740" type="process" path="starter.sh" arguments="/opt/Kudu/Scripts/parallel_rsync.sh /tmp/zipdeploy/extracted /home/site/wwwroot 8 /tmp/ False True  " 