﻿<?xml version="1.0" encoding="utf-8"?>
<deployment>
  <id>73d56594-8908-44ac-a865-6fa447b743eb</id>
  <author>N/A</author>
  <deployer>Push-Deployer</deployer>
  <authorEmail>N/A</authorEmail>
  <message>Created via a push deployment</message>
  <progress></progress>
  <status>Failed</status>
  <statusText></statusText>
  <lastSuccessEndTime />
  <receivedTime>2026-01-16T11:46:37.0272472Z</receivedTime>
  <startTime>2026-01-16T11:46:38.3343322Z</startTime>
  <endTime>2026-01-16T11:47:00.6575737Z</endTime>
  <complete>True</complete>
  <is_temp>False</is_temp>
  <is_readonly>True</is_readonly>
  <buildSummary />
</deployment>