﻿<?xml version="1.0" encoding="utf-8"?>
<deployment>
  <id>a3501ec3-e6f3-4a7f-9ddf-97de28b1d4d0</id>
  <author>N/A</author>
  <deployer>OneDeploy</deployer>
  <authorEmail>N/A</authorEmail>
  <message>OneDeploy</message>
  <progress></progress>
  <status>Success</status>
  <statusText></statusText>
  <lastSuccessEndTime>2026-01-15T17:19:04.7226247Z</lastSuccessEndTime>
  <receivedTime>2026-01-15T17:19:00.6386469Z</receivedTime>
  <startTime>2026-01-15T17:19:02.1952603Z</startTime>
  <endTime>2026-01-15T17:19:04.7226247Z</endTime>
  <complete>True</complete>
  <is_temp>False</is_temp>
  <is_readonly>True</is_readonly>
  <buildSummary />
</deployment>