<step title="Incoming Request" date="2026-01-15T11:14:47.237" instance="7d4ee3" url="/api/publish?async=true&amp;deployer=GITHUB_ONE_DEPLOY&amp;type=zip&amp;message=%7B%22type%22%3A%22deployment%22%2C%22sha%22%3A%22ab133599c606a285a786c826527c358e8c8dd905%22%2C%22repoName%22%3A%22mikary78%2Flanding-page-pro%22%2C%22actor%22%3A%22mikary78%22%2C%22slotName%22%3A%22production%22%2C%22commitMessage%22%3A%22fix%3A%20React%20Hook%20%EA%B7%9C%EC%B9%99%20%EC%A4%80%EC%88%98%20-%20useCallback%20%EC%82%AC%EC%9A%A9%EC%9C%BC%EB%A1%9C%20%EC%A1%B0%EA%B1%B4%EB%B6%80%20%ED%98%B8%EC%B6%9C%20%EB%B0%A9%EC%A7%80%5Cn%5Cn%F0%9F%A4%96%20Generated%20with%20%5BClaude%20Code%5D(https%3A%2F%2Fclaude.com%2Fclaude-code)%5Cn%5CnCo-Authored-By%3A%20Claude%20%3Cnoreply%40anthropic.com%3E%22%7D" method="POST" type="request" pid="837,1,49" Host="app-landing-page-pro.scm.azurewebsites.net" User-Agent="GITHUBACTIONS_DeployWebAppToAzure_644efeddaecd15a83f6575e6d1d63a56578d3d30a2a5d011262c6a63b84e42cb" Authorization="Bea..." Content-Type="application/octet-stream" Cookie="ARRAffinity=7d4ee311498b261eb996c3c5566ae5bbd227759952a6214551a3ab4312f134f3;Path=/;HttpOnly;Secure;Domain=app-landing-page-pro.scm.azurewebsites.net; ARRAffinitySameSite=7d4ee311498b261eb996c3c5566ae5bbd227759952a6214551a3ab4312f134f3;Path=/;HttpOnly;SameSite=None;Secure;Domain=app-landing-page-pro.scm.azurewebsites.net" Transfer-Encoding="chunked" X-ARR-LOG-ID="aca30989-6ca7-45d1-8728-dd2848c44015" CLIENT-IP="64.236.140.160:23552" X-SITE-DEPLOYMENT-ID="app-landing-page-pro" WAS-DEFAULT-HOSTNAME="app-landing-page-pro.scm.azurewebsites.net" X-Forwarded-Proto="https" X-AppService-Proto="https" X-Forwarded-TlsVersion="1.3" X-WAWS-Unencoded-URL="/api/publish?async=true&amp;deployer=GITHUB_ONE_DEPLOY&amp;type=zip&amp;message=%7B%22type%22%3A%22deployment%22%2C%22sha%22%3A%22ab133599c606a285a786c826527c358e8c8dd905%22%2C%22repoName%22%3A%22mikary78%2Flanding-page-pro%22%2C%22actor%22%3A%22mikary78%22%2C%22slotName%22%3A%22production%22%2C%22commitMessage%22%3A%22fix%3A%20React%20Hook%20%EA%B7%9C%EC%B9%99%20%EC%A4%80%EC%88%98%20-%20useCallback%20%EC%82%AC%EC%9A%A9%EC%9C%BC%EB%A1%9C%20%EC%A1%B0%EA%B1%B4%EB%B6%80%20%ED%98%B8%EC%B6%9C%20%EB%B0%A9%EC%A7%80%5Cn%5Cn%F0%9F%A4%96%20Generated%20with%20%5BClaude%20Code%5D(https%3A%2F%2Fclaude.com%2Fclaude-code)%5Cn%5CnCo-Authored-By%3A%20Claude%20%3Cnoreply%40anthropic.com%3E%22%7D" X-Client-IP="64.236.140.160" X-Client-Port="23552" >
  <step title="Cleanup Xml Logs" date="2026-01-15T11:14:47.245" /><!-- duration: 4ms -->
  <step title="OneDeploy" date="2026-01-15T11:14:47.486" >
    <step title="None repository commit" date="2026-01-15T11:14:47.518" >
      <step title="Commit id: 38fc1825-577b-4a6f-bec1-1d6d896913ef" date="2026-01-15T11:14:47.521" Message="N/A" AuthorName="N/A" AuthorEmail="N/A" /><!-- duration: 3ms -->
    </step><!-- duration: 11ms -->
    <step title="Starting PushDeployAsync" date="2026-01-15T11:14:47.537" /><!-- duration: 3ms -->
    <step title="Writing artifact to /tmp/zipdeploy/d1ed1cab-c6ea-4cfe-be52-776efdadf88a.zip" date="2026-01-15T11:14:47.604" >
      <step title="Writing multipart request body to /tmp/zipdeploy/d1ed1cab-c6ea-4cfe-be52-776efdadf88a.zip" date="2026-01-15T11:14:47.615" /><!-- duration: 27ms -->
    </step><!-- duration: 666ms -->
    <step title="Start deployment in the background" date="2026-01-15T11:14:48.286" >
      <step title="Acquiring Deployment Lock" date="2026-01-15T11:14:48.326" /><!-- duration: 9ms -->
      <step title="Acquired Deployment Lock" date="2026-01-15T11:14:48.463" /><!-- duration: 8ms -->
    </step><!-- duration: 559ms -->
  </step><!-- duration: 1377ms -->
  <step title="Outgoing response" date="2026-01-15T11:14:48.883" type="response" statusCode="202" statusText="Accepted" /><!-- duration: 3ms -->
</step><!-- duration: 1651ms -->
