﻿<?xml version="1.0" encoding="utf-8"?>
<deployment>
  <id>38fc1825-577b-4a6f-bec1-1d6d896913ef</id>
  <author>N/A</author>
  <deployer>OneDeploy</deployer>
  <authorEmail>N/A</authorEmail>
  <message>OneDeploy</message>
  <progress></progress>
  <status>Success</status>
  <statusText></statusText>
  <lastSuccessEndTime>2026-01-15T11:15:03.3188708Z</lastSuccessEndTime>
  <receivedTime>2026-01-15T11:14:53.2741647Z</receivedTime>
  <startTime>2026-01-15T11:14:54.6435975Z</startTime>
  <endTime>2026-01-15T11:15:03.3188708Z</endTime>
  <complete>True</complete>
  <is_temp>False</is_temp>
  <is_readonly>True</is_readonly>
  <buildSummary />
</deployment>