﻿<?xml version="1.0" encoding="utf-8"?>
<deployment>
  <id>59b18fae-d177-473d-aaa9-242e8da05491</id>
  <author>N/A</author>
  <deployer>OneDeploy</deployer>
  <authorEmail>N/A</authorEmail>
  <message>OneDeploy</message>
  <progress></progress>
  <status>Success</status>
  <statusText></statusText>
  <lastSuccessEndTime>2026-01-15T17:41:43.8228394Z</lastSuccessEndTime>
  <receivedTime>2026-01-15T17:39:45.7635723Z</receivedTime>
  <startTime>2026-01-15T17:39:47.1033341Z</startTime>
  <endTime>2026-01-15T17:41:43.8228394Z</endTime>
  <complete>True</complete>
  <is_temp>False</is_temp>
  <is_readonly>True</is_readonly>
  <buildSummary />
</deployment>