<step title="Incoming Request" date="2026-01-15T11:32:04.140" instance="7d4ee3" url="/api/publish?async=true&amp;deployer=GITHUB_ONE_DEPLOY&amp;type=zip&amp;message=%7B%22type%22%3A%22deployment%22%2C%22sha%22%3A%2206d0048acd02be8afef2ba199f909182e0cea349%22%2C%22repoName%22%3A%22mikary78%2Flanding-page-pro%22%2C%22actor%22%3A%22mikary78%22%2C%22slotName%22%3A%22production%22%2C%22commitMessage%22%3A%22fix%3A%20Azure%20App%20Service%20%EC%8B%9C%EC%9E%91%20%EB%AA%85%EB%A0%B9%EC%96%B4%20%EC%B6%94%EA%B0%80%5Cn%5Cn-%20serve%20%ED%8C%A8%ED%82%A4%EC%A7%80%20%EC%B6%94%EA%B0%80%ED%95%98%EC%97%AC%20%EC%A0%95%EC%A0%81%20%ED%8C%8C%EC%9D%BC%20%EC%84%9C%EB%B9%99%5Cn-%20npm%20run%20start%20%EC%8A%A4%ED%81%AC%EB%A6%BD%ED%8A%B8%20%EC%B6%94%EA%B0%80%20(serve%20-s%20dist%20-l%208080)%5Cn-%20Azure%20App%20Service%20startup%20command%20%EC%84%A4%EC%A0%95%20%EC%99%84%EB%A3%8C%5Cn%5Cn%F0%9F%A4%96%20Generated%20with%20%5BClaude%20Code%5D(https%3A%2F%2Fclaude.com%2Fclaude-code)%5Cn%5CnCo-Authored-By%3A%20Claude%20%3Cnoreply%40anthropic.com%3E%22%7D" method="POST" type="request" pid="835,1,15" Host="app-landing-page-pro.scm.azurewebsites.net" User-Agent="GITHUBACTIONS_DeployWebAppToAzure_644efeddaecd15a83f6575e6d1d63a56578d3d30a2a5d011262c6a63b84e42cb" Authorization="Bea..." Content-Type="application/octet-stream" Cookie="ARRAffinity=7d4ee311498b261eb996c3c5566ae5bbd227759952a6214551a3ab4312f134f3;Path=/;HttpOnly;Secure;Domain=app-landing-page-pro.scm.azurewebsites.net; ARRAffinitySameSite=7d4ee311498b261eb996c3c5566ae5bbd227759952a6214551a3ab4312f134f3;Path=/;HttpOnly;SameSite=None;Secure;Domain=app-landing-page-pro.scm.azurewebsites.net" Transfer-Encoding="chunked" X-ARR-LOG-ID="2722361c-cea3-45ce-ac2f-dddddb4ad196" CLIENT-IP="135.237.130.146:56320" X-SITE-DEPLOYMENT-ID="app-landing-page-pro" WAS-DEFAULT-HOSTNAME="app-landing-page-pro.scm.azurewebsites.net" X-Forwarded-Proto="https" X-AppService-Proto="https" X-Forwarded-TlsVersion="1.3" X-WAWS-Unencoded-URL="/api/publish?async=true&amp;deployer=GITHUB_ONE_DEPLOY&amp;type=zip&amp;message=%7B%22type%22%3A%22deployment%22%2C%22sha%22%3A%2206d0048acd02be8afef2ba199f909182e0cea349%22%2C%22repoName%22%3A%22mikary78%2Flanding-page-pro%22%2C%22actor%22%3A%22mikary78%22%2C%22slotName%22%3A%22production%22%2C%22commitMessage%22%3A%22fix%3A%20Azure%20App%20Service%20%EC%8B%9C%EC%9E%91%20%EB%AA%85%EB%A0%B9%EC%96%B4%20%EC%B6%94%EA%B0%80%5Cn%5Cn-%20serve%20%ED%8C%A8%ED%82%A4%EC%A7%80%20%EC%B6%94%EA%B0%80%ED%95%98%EC%97%AC%20%EC%A0%95%EC%A0%81%20%ED%8C%8C%EC%9D%BC%20%EC%84%9C%EB%B9%99%5Cn-%20npm%20run%20start%20%EC%8A%A4%ED%81%AC%EB%A6%BD%ED%8A%B8%20%EC%B6%94%EA%B0%80%20(serve%20-s%20dist%20-l%208080)%5Cn-%20Azure%20App%20Service%20startup%20command%20%EC%84%A4%EC%A0%95%20%EC%99%84%EB%A3%8C%5Cn%5Cn%F0%9F%A4%96%20Generated%20with%20%5BClaude%20Code%5D(https%3A%2F%2Fclaude.com%2Fclaude-code)%5Cn%5CnCo-Authored-By%3A%20Claude%20%3Cnoreply%40anthropic.com%3E%22%7D" X-Client-IP="135.237.130.146" X-Client-Port="56320" >
  <step title="OneDeploy" date="2026-01-15T11:32:04.748" >
    <step title="None repository commit" date="2026-01-15T11:32:04.967" >
      <step title="Commit id: 70b3467c-c68a-4b95-ad2e-6c6d7d645c31" date="2026-01-15T11:32:04.994" Message="N/A" AuthorName="N/A" AuthorEmail="N/A" /><!-- duration: 3ms -->
    </step><!-- duration: 37ms -->
    <step title="Starting PushDeployAsync" date="2026-01-15T11:32:05.006" /><!-- duration: 7ms -->
    <step title="Writing artifact to /tmp/zipdeploy/3779055e-31b9-4536-a9f5-3d1986facde4.zip" date="2026-01-15T11:32:05.088" >
      <step title="Writing multipart request body to /tmp/zipdeploy/3779055e-31b9-4536-a9f5-3d1986facde4.zip" date="2026-01-15T11:32:05.099" /><!-- duration: 9ms -->
    </step><!-- duration: 570ms -->
    <step title="Start deployment in the background" date="2026-01-15T11:32:05.702" >
      <step title="Acquiring Deployment Lock" date="2026-01-15T11:32:05.828" /><!-- duration: 26ms -->
      <step title="Acquired Deployment Lock" date="2026-01-15T11:32:05.970" /><!-- duration: 3ms -->
    </step><!-- duration: 592ms -->
  </step><!-- duration: 1581ms -->
  <step title="Outgoing response" date="2026-01-15T11:32:06.389" type="response" statusCode="202" statusText="Accepted" /><!-- duration: 27ms -->
</step><!-- duration: 2277ms -->
