<step title="BackgroundTrace" date="2026-01-15T11:14:48.298" instance="7d4ee3" url="/api/publish" method="POST" >
  <step title="Creating temporary deployment - FetchDeploymentManager" date="2026-01-15T11:14:48.488" /><!-- duration: 8ms -->
  <step title="Creating temporary deployment" date="2026-01-15T11:14:48.532" /><!-- duration: 305ms -->
  <step title="Performing fetch based deployment" date="2026-01-15T11:14:48.905" >
    <step title="Cleaning up temp folders from previous zip deployments and extracting pushed zip file /tmp/zipdeploy/d1ed1cab-c6ea-4cfe-be52-776efdadf88a.zip (3.14 MB) to /tmp/zipdeploy/extracted" date="2026-01-15T11:14:50.254" >
      <step title="ChmodRecursive Process exited with total time taken in ms: 255" date="2026-01-15T11:14:51.038" /><!-- duration: 4ms -->
    </step><!-- duration: 802ms -->
    <step title="Deployment timer started" date="2026-01-15T11:14:53.105" >
      <step title="DeploymentManager.Deploy(id:38fc1825-577b-4a6f-bec1-1d6d896913ef)" date="2026-01-15T11:14:53.123" >
        <step title="Collecting changeset information" date="2026-01-15T11:14:53.151" /><!-- duration: 178ms -->
        <step title="Updating submodules" date="2026-01-15T11:14:53.332" /><!-- duration: 1137ms -->
        <step title="Determining deployment builder" date="2026-01-15T11:14:54.727" >
          <step title="Builder is OneDeployBuilder" date="2026-01-15T11:14:54.761" /><!-- duration: 2ms -->
        </step><!-- duration: 39ms -->
        <step title="PreDeployment: context.CleanOutputPath False" date="2026-01-15T11:14:54.830" >
          <step title="PreDeployment: context.OutputPath /home/site/wwwroot" date="2026-01-15T11:14:54.957" >
            <step title="Building" date="2026-01-15T11:14:55.125" >
              <step title="Executing external process" date="2026-01-15T11:14:55.578" type="process" path="starter.sh" arguments="/opt/Kudu/Scripts/parallel_rsync.sh /tmp/zipdeploy/extracted /home/site/wwwroot 8 /tmp/ False False  " /><!-- duration: 6500ms -->
              <step title="Modified file to trigger a restart of the app container." date="2026-01-15T11:15:02.756" /><!-- duration: 2ms -->
              <step title="Skip function trigger and logicapp sync because function is not enabled." date="2026-01-15T11:15:02.774" /><!-- duration: 29ms -->
            </step><!-- duration: 8551ms -->
          </step><!-- duration: 8723ms -->
          <step title="Cleaning up temp files" date="2026-01-15T11:15:03.686" /><!-- duration: 11ms -->
          <step title="Cleaning up temp files" date="2026-01-15T11:15:03.707" /><!-- duration: 537ms -->
          <step title="Reloading status file with latest updates" date="2026-01-15T11:15:04.294" >
            <step title="WebHooksManager.PublishEventAsync: PostDeployment" date="2026-01-15T11:15:04.332" /><!-- duration: 140ms -->
          </step><!-- duration: 210ms -->
          <step title="Cleaning up temporary deployment - fetch deployment was successful" date="2026-01-15T11:15:04.507" /><!-- duration: 2ms -->
        </step><!-- duration: 9971ms -->
      </step><!-- duration: 11688ms -->
