<step title="Incoming Request" date="2026-01-15T12:24:57.643" instance="7d4ee3" url="/api/publish?async=true&amp;deployer=GITHUB_ONE_DEPLOY&amp;type=zip&amp;message=%7B%22type%22%3A%22deployment%22%2C%22sha%22%3A%2234d909470f9a2ede0f44bec48d1be7be1d0ae1e0%22%2C%22repoName%22%3A%22mikary78%2Flanding-page-pro%22%2C%22actor%22%3A%22mikary78%22%2C%22slotName%22%3A%22production%22%2C%22commitMessage%22%3A%22%22%7D" method="POST" type="request" pid="833,1,30" Host="app-landing-page-pro.scm.azurewebsites.net" User-Agent="GITHUBACTIONS_DeployWebAppToAzure_644efeddaecd15a83f6575e6d1d63a56578d3d30a2a5d011262c6a63b84e42cb" Authorization="Bea..." Content-Type="application/octet-stream" Cookie="ARRAffinity=7d4ee311498b261eb996c3c5566ae5bbd227759952a6214551a3ab4312f134f3;Path=/;HttpOnly;Secure;Domain=app-landing-page-pro.scm.azurewebsites.net; ARRAffinitySameSite=7d4ee311498b261eb996c3c5566ae5bbd227759952a6214551a3ab4312f134f3;Path=/;HttpOnly;SameSite=None;Secure;Domain=app-landing-page-pro.scm.azurewebsites.net" Transfer-Encoding="chunked" X-ARR-LOG-ID="cb85c60d-92a3-408d-a6dd-4bae915c0c30" CLIENT-IP="52.154.20.192:31680" X-SITE-DEPLOYMENT-ID="app-landing-page-pro" WAS-DEFAULT-HOSTNAME="app-landing-page-pro.scm.azurewebsites.net" X-Forwarded-Proto="https" X-AppService-Proto="https" X-Forwarded-TlsVersion="1.3" X-WAWS-Unencoded-URL="/api/publish?async=true&amp;deployer=GITHUB_ONE_DEPLOY&amp;type=zip&amp;message=%7B%22type%22%3A%22deployment%22%2C%22sha%22%3A%2234d909470f9a2ede0f44bec48d1be7be1d0ae1e0%22%2C%22repoName%22%3A%22mikary78%2Flanding-page-pro%22%2C%22actor%22%3A%22mikary78%22%2C%22slotName%22%3A%22production%22%2C%22commitMessage%22%3A%22%22%7D" X-Client-IP="52.154.20.192" X-Client-Port="31680" >
  <step title="Cleanup Xml Logs" date="2026-01-15T12:24:57.651" /><!-- duration: 9ms -->
  <step title="OneDeploy" date="2026-01-15T12:24:57.737" >
    <step title="Starting PushDeployAsync" date="2026-01-15T12:24:57.745" /><!-- duration: 2ms -->
    <step title="Removing node_modules symlink" date="2026-01-15T12:24:57.754" >
      <step title="Writing artifact to /tmp/zipdeploy/9781e5ce-1f53-4573-bceb-46ba5a72852e.zip" date="2026-01-15T12:24:57.888" >
        <step title="Writing multipart request body to /tmp/zipdeploy/9781e5ce-1f53-4573-bceb-46ba5a72852e.zip" date="2026-01-15T12:24:57.900" /><!-- duration: 5ms -->
      </step><!-- duration: 9661ms -->
      <step title="Start deployment in the background" date="2026-01-15T12:25:07.571" >
        <step title="Acquiring Deployment Lock" date="2026-01-15T12:25:07.620" /><!-- duration: 5ms -->
        <step title="Acquired Deployment Lock" date="2026-01-15T12:25:07.650" /><!-- duration: 2ms -->
      </step><!-- duration: 282ms -->
    </step><!-- duration: 10186ms -->
    <step title="Outgoing response" date="2026-01-15T12:25:08.005" type="response" statusCode="202" statusText="Accepted" /><!-- duration: 13ms -->
  </step><!-- duration: 10299ms -->
