<step title="BackgroundTrace" date="2026-01-15T12:25:07.576" instance="7d4ee3" url="/api/publish" method="POST" >
  <step title="Cleanup Xml Logs" date="2026-01-15T12:25:07.584" /><!-- duration: 4ms -->
  <step title="Creating temporary deployment - FetchDeploymentManager" date="2026-01-15T12:25:07.653" /><!-- duration: 2ms -->
  <step title="Creating temporary deployment" date="2026-01-15T12:25:07.657" /><!-- duration: 152ms -->
  <step title="Performing fetch based deployment" date="2026-01-15T12:25:08.110" >
    <step title="Cleaning up temp folders from previous zip deployments and extracting pushed zip file /tmp/zipdeploy/9781e5ce-1f53-4573-bceb-46ba5a72852e.zip (144.76 MB) to /tmp/zipdeploy/extracted" date="2026-01-15T12:25:09.325" >
      <step title="ChmodRecursive Process exited with total time taken in ms: 827" date="2026-01-15T12:26:01.616" /><!-- duration: 19ms -->
    </step><!-- duration: 52328ms -->
    <step title="Deployment timer started" date="2026-01-15T12:26:03.738" >
      <step title="DeploymentManager.Deploy(id:fd446690-5872-4850-8a11-6e5f60b11d87)" date="2026-01-15T12:26:03.776" >
        <step title="Collecting changeset information" date="2026-01-15T12:26:03.805" /><!-- duration: 217ms -->
        <step title="Updating submodules" date="2026-01-15T12:26:04.042" /><!-- duration: 1167ms -->
        <step title="Determining deployment builder" date="2026-01-15T12:26:05.692" >
          <step title="Builder is OneDeployBuilder" date="2026-01-15T12:26:05.754" /><!-- duration: 11ms -->
        </step><!-- duration: 93ms -->
        <step title="PreDeployment: context.CleanOutputPath False" date="2026-01-15T12:26:05.897" >
          <step title="PreDeployment: context.OutputPath /home/site/wwwroot" date="2026-01-15T12:26:06.123" >
            <step title="Building" date="2026-01-15T12:26:06.289" >
              <step title="Executing external process" date="2026-01-15T12:26:06.938" type="process" path="starter.sh" arguments="/opt/Kudu/Scripts/absoluteTar.sh /tmp/zipdeploy/extracted/node_modules /tmp/zipdeploy/extracted/node_modules.tar.gz" >
                <step title="Cpu: gzip(1596,35.510s)+sh(1595,0.000s)+tar(1594,5.200s)+absoluteTar.sh(1593,0.010s)=total(40.720s)" date="2026-01-15T12:27:07.231" /><!-- duration: 27ms -->
                <step title="starter.sh: no io activity for 60s, prev-cpu=-1.000s, current-cpu=40.720s" date="2026-01-15T12:27:07.277" /><!-- duration: 26ms -->
              </step><!-- duration: 116421ms -->
              <step title="Executing external process" date="2026-01-15T12:28:03.878" type="process" path="starter.sh" arguments="/opt/Kudu/Scripts/parallel_rsync.sh /tmp/zipdeploy/extracted /home/site/wwwroot 8 /tmp/ False False node_modules " /><!-- duration: 9891ms -->
              <step title="Modified file to trigger a restart of the app container." date="2026-01-15T12:28:14.480" /><!-- duration: 2ms -->
              <step title="Skip function trigger and logicapp sync because function is not enabled." date="2026-01-15T12:28:14.491" /><!-- duration: 5ms -->
            </step><!-- duration: 129157ms -->
          </step><!-- duration: 129329ms -->
          <step title="Cleaning up temp files" date="2026-01-15T12:28:15.453" /><!-- duration: 18ms -->
          <step title="Cleaning up temp files" date="2026-01-15T12:28:15.472" /><!-- duration: 527ms -->
          <step title="Reloading status file with latest updates" date="2026-01-15T12:28:16.051" >
            <step title="WebHooksManager.PublishEventAsync: PostDeployment" date="2026-01-15T12:28:16.054" /><!-- duration: 47ms -->
          </step><!-- duration: 52ms -->
          <step title="Cleaning up temporary deployment - fetch deployment was successful" date="2026-01-15T12:28:16.111" /><!-- duration: 3ms -->
        </step><!-- duration: 130278ms -->
      </step><!-- duration: 132447ms -->
